key,name,kind,copy_from,status,age,tags,gfx_tags,modifiers,combat,source,confidence,note
antq_british_hillfort_spearmen,British Hillfort Spearmen,land,a_age_1_traditions_heavy_infantry,levy,age_1_traditions,CAT|TRI|ICE|BRI|ATB|SIL|ORD|DUM|CAL|BRT|REG|BLG|DUR|DOB|COR|CNV|PBI|CRV|DEM|DEC|VOT|SEL|NOV|DAM|VCN|TAE|EPD|VAC|DCT|CAE|CRE|CNA|LGB|SME|NCR,medium_tag|heavy_tag,morale_damage_taken=-0.05|movement_speed=-0.05,hills=0.10|forest=0.05,P8.7;P14;HE-HILLFORT;CAH-XI,contested,Regional spear-and-shield levy adapter tied to defended gathering places without claiming a uniform British formation garrison or equipment issue.
antq_northern_british_skirmishers,Northern British Skirmishers,land,a_age_1_traditions_light_infantry,levy,age_1_traditions,BRI|CRV|VOT|SEL|NOV|DAM|VCN|TAE|EPD|VAC|DCT|CAE|CRE|CNA|LGB|SME|NCR|CAL,archer_tag|light_tag,initiative=0.20|movement_speed=0.10,forest=0.12|hills=0.10,P8.7;P14;PTO-GEO-II2;MANN-BRI;CAH-XI,contested,Northern light-infantry role adapter for broken wooded and upland terrain without claiming one ethnic doctrine or permanent confederate army.
antq_hibernian_javelin_bands,Hibernian Javelin Bands,land,a_age_1_traditions_light_infantry,levy,age_1_traditions,ULA|VNI|RHB|DAR|ERD|NAG|AUT|GAN|VEL|IVN|USD|IBG|CND|MNP|CCI|EBL,archer_tag|light_tag,initiative=0.18|movement_speed=0.12,forest=0.10|hills=0.08,P8.7;P14;PTO-GEO-II1;DARCY-IRE;NMI-IRON-AGE,contested,Light spear-and-shield gameplay role for Hibernian household musters without projecting later heroic literature or a uniform island military system backward.
antq_hibernian_coastal_warbands,Hibernian Coastal Warbands,land,a_age_1_traditions_heavy_infantry,levy,age_1_traditions,ULA|VNI|RHB|DAR|ERD|NAG|AUT|GAN|VEL|IVN|USD|IBG|CND|MNP|CCI|EBL,medium_tag|sword_tag,morale_damage_done=0.12|strength_damage_taken=0.04,coastal=0.10|river=0.05,P8.7;P14;PTO-GEO-II1;DARCY-IRE;NMI-IRON-AGE,contested,Coastal fighting-following adapter combining local retainers and seaway mobility without implying a standing navy named raid or Viking-era institution.
antq_angrivarian_spear_following,Angrivarian Spear Following,land,a_age_1_traditions_heavy_infantry,levy,age_1_traditions,GER,medium_tag|heavy_tag,morale_damage_taken=-0.04|movement_speed=-0.03,forest=0.10|river=0.08,P8.7;P14;TAC-ANN-II;TAC-GER,contested,Lower Weser and Elbe spear-following adapter for the bounded Angrivarian frame; it does not reconstruct a standardized formation equipment issue or permanent army.
antq_suebian_household_retinue,Suebian Household Retinue,land,a_age_1_traditions_heavy_infantry,levy,age_1_traditions,SUE|MCM|SEM|HER|QUA|NAR,medium_tag|sword_tag,morale_damage_done=0.08|strength_damage_taken=-0.03,forest=0.08|hills=0.08,P8.7;P14;STR-GER;TAC-GER;OCD-GER,contested,Prestige-bound fighting-following gameplay role for several Suebian-associated frames without asserting one federation doctrine uniform or permanent comitatus.
antq_baltic_hillfort_spearmen,Baltic Hillfort Spearmen,land,a_age_1_traditions_heavy_infantry,levy,age_1_traditions,BPC|WSC,medium_tag|heavy_tag,morale_damage_taken=-0.04|movement_speed=-0.03,forest=0.10|hills=0.08,P8.7;P14;VU-BRUSH;LIT-WLSC,contested,Household spear levy tied to defended settlement systems; archaeological distributions do not establish one Baltic army ethnic doctrine or permanent hillfort garrison.
antq_baltic_forest_skirmishers,Baltic Forest Skirmishers,land,a_age_1_traditions_light_infantry,levy,age_1_traditions,AES|WBB|BPC|WSC|ETG,archer_tag|light_tag,initiative=0.18|movement_speed=0.10,forest=0.14|wetlands=0.10,P8.7;P14;PAN-WBB;VU-BRUSH;LIT-WLSC;UT-TARAND,contested,Light-infantry terrain-role adapter across several distinct archaeological frames; it does not imply one Baltic identity formation or shared command.
antq_legionaries,Legionaries,land,a_age_1_traditions_heavy_infantry,regular,age_1_traditions,ROM,legionary_tag|sword_tag|heavy_tag,strength_damage_taken=-0.08|morale_damage_taken=-0.05|initiative=-0.25,hills=-0.05,P14;CAH-XI,secure,Professional Roman heavy infantry; the numerical profile is a bounded technical role adapter
antq_auxilia,Auxilia,land,a_age_1_traditions_light_infantry,levy,age_1_traditions,ROM,archer_tag|light_tag,movement_speed=0.15|morale_damage_done=0.05,forest=0.10|hills=0.05,P14;CAH-XI,secure,Roman levy-analog with an explicitly non-mechanical citizenship-on-discharge flavor
antq_roman_alae,Roman Alae,land,a_age_1_traditions_light_cavalry,regular,age_1_traditions,ROM,light_tag,movement_speed=0.18|flanking_ability=0.10,grasslands=0.05,P14;CAH-XI,secure,Bounded early-imperial auxiliary-cavalry role adapter; it does not reconstruct an ala name strength or provincial posting
antq_thureophoroi,Thureophoroi,land,a_age_1_traditions_light_infantry,regular,age_1_traditions,CLZ|BOS|ARM|CAP|COM|EME,light_tag|sword_tag,initiative=0.25|morale_damage_done=0.05,hills=0.05,P14;CAH-XI,contested,Hellenistic flexible-infantry adapter; regional availability is deliberately bounded
antq_hellenistic_phalanx,Hellenistic Phalanx,land,a_age_1_traditions_heavy_infantry,regular,age_1_traditions,BOS|CLZ,heavy_tag|sword_tag,combat_speed=-0.20|morale_damage_done=0.10,hills=-0.10|forest=-0.10,P14;CAH-XI,contested,Remnant phalanx adapter for the Black Sea Hellenistic courts rather than a universal classical unit
antq_warbands,Warbands,land,a_age_1_traditions_heavy_infantry,levy,age_1_traditions,MCM|CRU|CHT|FRI|BTV|LAN|SEM|HER|QUA|GUT|VAN|RUG|BRG|ANG|SAX|JUT|GER|CAT|TRI|ICE|BRI|ATB|SIL|ORD|DUM|CAL|ULA|BRT,medium_tag|sword_tag,morale_damage_done=0.15|strength_damage_taken=0.05,forest=0.10|hills=0.05,P14;CAH-XI,secure,Germanic Celtic and Brittonic levy-warband adapter; it does not claim a uniform tactical doctrine
antq_han_crossbow_infantry,Han Crossbow Infantry,land,a_age_1_traditions_light_infantry,regular,age_1_traditions,HAN,archer_tag|light_tag,morale_damage_done=0.15|initiative=0.25,hills=0.05,P14;BHR;CAH-XI,secure,Western Han regular crossbow-infantry edge represented without inventing a specific unit establishment
antq_indian_longbowmen,Indian Longbowmen,land,a_age_1_traditions_light_infantry,regular,age_1_traditions,SAT|ISK|IGR|YDH|ARJ|KUN|KAL|CHE|CHL|PND|ANU,archer_tag|light_tag,morale_damage_done=0.10|initiative=0.20,hills=0.05,P14;CAH-XI,contested,Regional longbow infantry adapter for the Indian subcontinent and Lanka
antq_war_elephants,War Elephants,land,a_age_1_traditions_heavy_cavalry,regular,age_1_traditions,SAT|ISK|IGR|YDH|ARJ|KUN|KAL|CHE|CHL|PND|ANU,elephant_tag|medium_tag,morale_damage_done=0.20|strength_damage_taken=-0.05,jungle=0.20|coastal=-0.10,P14;CAH-XI,contested,War-elephant adapter restricted to South Asian courts; its exact local supply is later economy work
antq_nubian_archers,Nubian Archers,land,a_age_1_traditions_light_infantry,regular,age_1_traditions,KUS|AKS|BLM|BEJ,archer_tag|light_tag,initiative=0.30|morale_damage_done=0.10,desert=0.10,P14;CAH-XI,contested,Nile-valley and Horn archer adapter without claiming a single uniform ethnic establishment
antq_cataphracts,Cataphracts,land,a_age_1_traditions_heavy_cavalry,regular,age_1_traditions,PAR|ATR|SKT|ARM|ALA|SIR|AOR|ROX,medium_tag|heavy_tag,morale_damage_done=0.15|strength_damage_taken=-0.10|combat_speed=-0.20,grasslands=0.10|mountains=-0.10,P14;CAH-XI,secure,Iranian and Sarmatian heavy-lancer adapter; Roman adoption remains a later advance-era outcome
antq_parthian_horse_archers,Parthian Horse Archers,land,a_age_1_traditions_light_cavalry,regular,age_1_traditions,PAR|ATR|SKT|ARM|ALA|SIR|AOR|ROX,archer_tag|light_tag,movement_speed=0.25|flanking_ability=0.15|strength_damage_taken=0.04,grasslands=0.12|mountains=-0.08,P14;CAH-XI,secure,Iranian mounted-archery role adapter complementary to cataphracts; it does not fix a noble-house contingent or field-army composition
antq_steppe_horse_archers,Steppe Horse Archers,land,a_age_1_traditions_light_cavalry,regular,age_1_traditions,XIO|XIA|WHU|DNG|KNG|WSN|DAY|YUE,archer_tag|light_tag,movement_speed=0.30|flanking_ability=0.20|strength_damage_taken=0.05,grasslands=0.15|forest=-0.10,P14;CAH-XI,secure,Mounted-archery adapter for Xiongnu and adjacent steppe polities
antq_numidian_light_horse,Numidian Light Horse,land,a_age_1_traditions_light_cavalry,regular,age_1_traditions,MAU|GAR|BER,light_tag,movement_speed=0.30|flanking_ability=0.20,desert=0.10,P14;CAH-XI,contested,North African light-cavalry adapter without projecting Roman auxiliary organization onto independent courts
antq_camelry,Camelry,land,a_age_1_traditions_light_cavalry,regular,age_1_traditions,NAB|SAB|HIM|QAT|HAD|KIN|BED,light_tag,movement_speed=0.15|supply_weight=-0.10,desert=0.15,P14;CAH-XI,contested,Arabian camel-mounted adapter with intentionally broad regional availability
antq_british_chariots,British Chariots,land,a_age_1_traditions_light_cavalry,levy,age_1_traditions,CAT|TRI|ICE|BRI|ATB|SIL|ORD|DUM|BRT|REG|BLG|DUR|DOB|COR|CNV|PBI|DEM|DEC,light_tag,movement_speed=0.20|flanking_ability=0.10,grasslands=0.05|forest=-0.15,P14;CAH-XI;PTO-GEO-II2,contested,Obsolescent southern and western British chariot adapter rather than an assertion that every AD 1 community fielded the same force.
antq_germanic_horse,Germanic Light Horse,land,a_age_1_traditions_light_cavalry,levy,age_1_traditions,MCM|CRU|CHT|FRI|BTV|LAN|SEM|HER|QUA|GUT|VAN|RUG|BRG|ANG|SAX|JUT|GER|CAT|TRI|ICE|BRI|ATB|SIL|ORD|DUM|CAL|ULA|BRT,light_tag,movement_speed=0.16|flanking_ability=0.08,grasslands=0.05|forest=0.03,P14;CAH-XI;STR-GER;OCD-GER,contested,Bounded Germanic and Celtic light-horse levy adapter; it does not claim a uniform tribal cavalry doctrine equipment ratio or campaign formation
antq_comitatenses,Comitatenses,land,a_age_4_reformation_heavy_infantry,regular,age_4_reformation,ROM,heavy_tag|sword_tag,morale_damage_done=0.10|movement_speed=0.10,hills=0.05,P14;NOTITIA,contested,Late Roman mobile-field-army adapter reserved for the Dominate age
antq_limitanei,Limitanei,land,a_age_4_reformation_heavy_infantry,regular,age_4_reformation,ROM,heavy_tag|sword_tag,strength_damage_taken=-0.05|combat_speed=-0.10,river=0.10,P14;NOTITIA,contested,Late Roman frontier-force adapter reserved for the Dominate age
antq_balearic_slingers,Balearic Slingers,land,a_age_1_traditions_light_infantry,mercenary,age_1_traditions,ROM|MAU,light_tag,initiative=0.30|morale_damage_done=0.10,hills=0.05,P14;CAH-XI,secure,Era mercenary company adapter; availability is not a claim of permanent island sovereignty
antq_cretan_archers,Cretan Archers,land,a_age_1_traditions_light_infantry,mercenary,age_1_traditions,ROM|CLZ|BOS,archer_tag|light_tag,initiative=0.30|morale_damage_done=0.10,hills=0.10,P14;CAH-XI,secure,Era mercenary company adapter for Hellenic military labor markets
antq_germanic_bodyguards,Germanic Bodyguards,land,a_age_1_traditions_heavy_infantry,mercenary,age_1_traditions,ROM|PAR|MCM|SUE|CRU|CHT,medium_tag|sword_tag,strength_damage_taken=-0.05|morale_damage_done=0.10,forest=0.05,P14;CAH-XI,contested,Era mercenary-company adapter; it does not pre-script a named guard corps
antq_saka_horse,Saka Horse,land,a_age_1_traditions_light_cavalry,mercenary,age_1_traditions,ISK|YUE|KNG|WSN|DAY|PAR,archer_tag|light_tag,movement_speed=0.25|flanking_ability=0.15,grasslands=0.10,P14;CAH-XI,secure,Era mercenary-company adapter for Saka-style mounted archers
antq_galatian_swordsmen,Galatian Swordsmen,land,a_age_1_traditions_heavy_infantry,mercenary,age_1_traditions,ROM|BOS|CLZ|CAP|COM|ARM,medium_tag|sword_tag,morale_damage_done=0.10|strength_damage_taken=-0.03,hills=0.05,P14;CAH-XI,contested,Era mercenary-company adapter for Hellenistic and Roman military labor markets; it does not create a named Galatian regiment
antq_thracian_peltasts,Thracian Peltasts,land,a_age_1_traditions_light_infantry,mercenary,age_1_traditions,ROM|BOS|CLZ|CAP|COM|ARM,light_tag|sword_tag,initiative=0.20|morale_damage_done=0.05,hills=0.10,P14;CAH-XI,contested,Era light-infantry company adapter for Balkan and Hellenistic military labor markets without a fixed ethnic order of battle
antq_numidian_horse_company,Numidian Horse Company,land,a_age_1_traditions_light_cavalry,mercenary,age_1_traditions,ROM|MAU|GAR|BER,light_tag,movement_speed=0.25|flanking_ability=0.15,desert=0.10,P14;CAH-XI,contested,Era North African light-horse company adapter distinct from independent-court forces and without a named contract or roster
antq_local_watercraft,Local Watercraft,navy,n_age_1_traditions_light_ship,regular,age_1_traditions,ALL,,movement_speed=0.30|hull_size=-5,,P14;CAH-XI,contested,Small boats and rafts permit local water movement but do not imply transport service patrol organization or a state fleet.
antq_limited_coastal_transport,Limited Coastal Transport,navy,n_age_1_traditions_transport,regular,age_1_traditions,ALL,,transport_capacity=0.10|hull_size=-4,,P14;CAH-XI,contested,Ad hoc short-range carriage available only to coastal polities with enough ports or political capacity; not a permanent fleet.
antq_coastal_watch_craft,Coastal Watch Craft,navy,n_age_1_traditions_light_ship,regular,age_1_traditions,ALL,,movement_speed=0.35|hull_size=-4,,P14;CAH-XI,contested,Regularly mustered harbor craft able to escort and patrol a home littoral but not to sustain a state battle fleet.
antq_state_oared_squadron,State Oared Squadron,navy,n_age_1_traditions_galley,regular,age_1_traditions,ALL,,crew_size=0.01|hull_size=-2,,P14;CAH-XI,contested,A centrally supplied oared squadron representing durable state naval administration without asserting a single hull tradition.
antq_open_sea_merchantmen,Open-Sea Merchantmen,navy,n_age_1_traditions_transport,regular,age_1_traditions,ALL,,transport_capacity=0.30|hull_size=-2,,P14;PER;CAH-XI,contested,Long-distance seagoing carriage restricted to polities with documented imperial or monsoon-network capacity.
antq_liburnian,Liburnian,navy,n_age_1_traditions_galley,regular,age_1_traditions,ROM,mediterranean_galley_tag,movement_speed=0.50|hull_size=-2,,P14;CAH-XI,secure,Light Roman galley for ramming missile fire and boarding
antq_trireme,Trireme,navy,n_age_1_traditions_galley,regular,age_1_traditions,ROM|BOS|CLZ|JUD,mediterranean_galley_tag,hull_size=-1|crew_size=0.01,,P14;CAH-XI,secure,Oared Mediterranean warship for ramming missile fire and boarding
antq_quinquereme,Quinquereme,navy,n_age_1_traditions_galley,regular,age_1_traditions,ROM|MAU,mediterranean_galley_tag,hull_size=2|crew_size=0.03,,P14;CAH-XI,contested,Larger Hellenistic-Roman galley with heavy crews and deck artillery
antq_merchant_roundship,Merchant Roundship,navy,n_age_1_traditions_transport,regular,age_1_traditions,ROM|PAR|HAN|SAT|CHE|BOS|CLZ|OMN,,transport_capacity=0.35|hull_size=-2,,P14;CAH-XI,secure,Ancient merchant carrier for rivers coasts and established sea-lanes
antq_monsoon_dhow,Monsoon Dhow,navy,n_age_1_traditions_light_ship,regular,age_1_traditions,SAT|CHE|SAB|HIM|QAT|HAD|BAR,,movement_speed=0.50|hull_size=-2,,P14;PER;CAH-XI,contested,Indian-Ocean coastal and monsoon sailing vessel
antq_austronesian_outrigger,Austronesian Outrigger,navy,n_age_1_traditions_transport,levy,age_1_traditions,MAL|JAV|LZC|CXR|MBL|BCP|MDR|PNY|NGR|CBH|PLW|AGS|LNO|PCT|MTT|ZBG|SLU|NBR|RSW|KSB|NEB|SGK|MHK|KPM|WBC|CSB|BPR|TON|KBC|EMR|WCR,,movement_speed=0.75|hull_size=-5|transport_capacity=-0.10,,P14;CAH-XI,contested,Austronesian small-vessel adapter; no trans-Pacific discovery or oceanic class is implied
antq_roman_marines,Roman Marines,land,a_age_1_traditions_heavy_infantry,regular,age_1_traditions,ROM,medium_tag|sword_tag,morale_damage_done=0.08|strength_damage_taken=-0.03,coastal=0.10,P14;CAH-XI,contested,Bounded Roman naval-infantry role adapter without a named fleet detachment or roster
antq_roman_sagittarii,Roman Sagittarii,land,a_age_1_traditions_light_infantry,regular,age_1_traditions,ROM,archer_tag|light_tag,initiative=0.20|morale_damage_done=0.08,hills=0.05,P14;CAH-XI,contested,Bounded Roman auxiliary-archer role adapter without provincial posting or unit identity claims
antq_roman_scouts,Roman Exploratores,land,a_age_1_traditions_light_cavalry,regular,age_1_traditions,ROM,light_tag,movement_speed=0.22|flanking_ability=0.12,forest=0.05,P14;CAH-XI,contested,Bounded Roman reconnaissance-cavalry role adapter without a named explorator corps
antq_parthian_foot_archers,Parthian Foot Archers,land,a_age_1_traditions_light_infantry,levy,age_1_traditions,PAR|ATR,archer_tag|light_tag,initiative=0.18|morale_damage_done=0.06,hills=0.05,P14;CAH-XI,contested,Bounded Arsacid infantry-archer role adapter without a field-order reconstruction
antq_parthian_noble_lancers,Parthian Noble Lancers,land,a_age_1_traditions_heavy_cavalry,regular,age_1_traditions,PAR|ATR,heavy_tag|medium_tag,morale_damage_done=0.12|strength_damage_taken=-0.06,grasslands=0.08,P14;CAH-XI,contested,Bounded noble-lancer role distinct from the general cataphract adapter and without a house contingent claim
antq_germanic_spearmen,Germanic Spearmen,land,a_age_1_traditions_heavy_infantry,levy,age_1_traditions,MCM|CRU|CHT|FRI|BTV|LAN|SEM|HER|QUA|GUT|VAN|RUG|BRG|ANG|SAX|JUT|GER,medium_tag|sword_tag,morale_damage_done=0.08|strength_damage_taken=-0.02,forest=0.08,P14;CAH-XI;STR-GER,contested,Bounded spear-levy adapter without a uniform Germanic tactical doctrine or equipment ratio
antq_germanic_javelins,Germanic Javelin Levy,land,a_age_1_traditions_light_infantry,levy,age_1_traditions,MCM|CRU|CHT|FRI|BTV|LAN|SEM|HER|QUA|GUT|VAN|RUG|BRG|ANG|SAX|JUT|GER,light_tag|sword_tag,initiative=0.18|movement_speed=0.08,forest=0.10,P14;CAH-XI;STR-GER,contested,Bounded skirmishing-levy adapter without a uniform tribal armament claim
antq_syrian_archers,Syrian Archer Company,land,a_age_1_traditions_light_infantry,mercenary,age_1_traditions,ROM|PAR|JUD,archer_tag|light_tag,initiative=0.24|morale_damage_done=0.08,hills=0.08,P14;CAH-XI,contested,Era archer-company adapter without a named Syrian regiment or client levy claim
antq_iberian_swordsmen,Iberian Swordsmen,land,a_age_1_traditions_heavy_infantry,mercenary,age_1_traditions,ROM|MAU,medium_tag|sword_tag,morale_damage_done=0.12|strength_damage_taken=-0.03,hills=0.06,P14;CAH-XI,contested,Era western-Mediterranean company adapter without a named Iberian contract or troop strength
antq_dacian_falxmen,Dacian Falxmen,land,a_age_1_traditions_heavy_infantry,mercenary,age_1_traditions,DAC|ROM|MCM,medium_tag|sword_tag,morale_damage_done=0.14|strength_damage_taken=0.04,hills=0.12,P14;CAH-XI,contested,Era Dacian weapon-role company adapter without a named royal or tribal contingent
antq_armenian_horse,Armenian Horse Company,land,a_age_1_traditions_light_cavalry,mercenary,age_1_traditions,ARM|PAR|ROM,light_tag,movement_speed=0.20|flanking_ability=0.12,mountains=0.08,P14;CAH-XI,contested,Era Armenian mounted-company adapter without a named nakharar house or deployment claim
antq_cilician_marines,Cilician Marine Company,land,a_age_1_traditions_light_infantry,mercenary,age_1_traditions,ROM|CLZ|BOS,light_tag|sword_tag,movement_speed=0.10|morale_damage_done=0.06,coastal=0.12,P14;CAH-XI,contested,Era coastal marine-company adapter without a pirate fleet or named contract claim
antq_nabataean_caravan_guards,Nabataean Caravan Guards,land,a_age_1_traditions_light_cavalry,regular,age_1_traditions,NAB,light_tag,movement_speed=0.12|supply_weight=-0.08,desert=0.10|hills=0.05,P8.1;P8.5;P14;NABATAEA-MAP;STR-ARAB,secure,"Mounted route guards adapt Nabataea's secure caravan and desert-water setting without claiming a uniform standing corps, equipment issue, or fixed establishment."
antq_north_arabian_camel_scouts,North Arabian Camel Scouts,land,a_age_1_traditions_light_cavalry,levy,age_1_traditions,THM|AGR|BED|KIN,light_tag,movement_speed=0.15|supply_weight=-0.10,desert=0.12,P8.5;P14;STR-ARAB;PTO-ARAB,contested,"A bounded mounted scouting adapter for dispersed northern and interior Arabian route communities; it does not impose one ethnic army or permanent camel corps."
antq_south_arabian_highland_levies,South Arabian Highland Levies,land,a_age_1_traditions_heavy_infantry,levy,age_1_traditions,SAB|HIM|QAT|HAD,medium_tag|heavy_tag,morale_damage_taken=-0.04|movement_speed=-0.03,hills=0.10|mountains=0.08,P8.5;P14;UNESCO-SABA;UNESCO-QATABAN;HIMYAR-HIST,contested,"Highland and terrace-country musters receive a restrained infantry adapter without claiming identical weapons, drill, or mobilization across the South Arabian kingdoms."
antq_omanite_coastal_warbands,Omanite Coastal Warbands,land,a_age_1_traditions_light_infantry,levy,age_1_traditions,OMN,light_tag|sword_tag,movement_speed=0.08|supply_weight=-0.05,coastal=0.10|desert=0.05,P8.6;P14;STR-ARAB;CAH-XI,contested,"A light coastal and oasis following for Omanite communities, bounded away from later naval institutions and any claim for standardized equipment or command."
antq_marcomannic_royal_retinue,Marcomannic Royal Retinue,land,a_age_1_traditions_heavy_infantry,regular,age_1_traditions,MCM,heavy_tag|medium_tag,morale_damage_done=0.10|strength_damage_taken=-0.04,forest=0.08|hills=0.05,P8.7;P14;STR-GER;TAC-ANN-II,contested,"A bounded royal-following adapter for Maroboduus's court without asserting a fixed guard establishment, standardized equipment, or permanent Germanic monarchy."
antq_batavian_auxiliary_cohort,Batavian Auxiliary Cohort,land,a_age_1_traditions_heavy_infantry,regular,age_1_traditions,BTV|ROM,medium_tag|heavy_tag,morale_damage_taken=-0.04|movement_speed=0.05,river=0.10|wetlands=0.08,P8.7;P14;TAC-BAT;CAH-XI,contested,"A bounded lower-Rhine auxiliary-service adapter without naming a permanent cohort, exact establishment, ethnic monopoly, or AD 1 deployment."
antq_semnonian_grove_muster,Semnonian Grove Muster,land,a_age_1_traditions_heavy_infantry,levy,age_1_traditions,SEM,medium_tag|sword_tag,morale_damage_done=0.08|initiative=0.08,forest=0.12,P8.7;P14;TAC-GER;STR-GER,contested,"A district levy gathered under Semnonian sacred and assembly practice without turning the grove into a barracks or claiming uniform arms."
antq_aestian_amber_road_guards,Aestian Amber-Road Guards,land,a_age_1_traditions_light_infantry,levy,age_1_traditions,AES,light_tag|archer_tag,movement_speed=0.10|supply_weight=-0.06,forest=0.10|coastal=0.06,P8.7;P14;TAC-GER;PAN-WBB;VU-BRUSH,contested,"A local escort adapter for plural Aestian shore and amber-route communities; it is not a unified state guard or reconstructed ethnic army."
antq_gothic_migrant_host,Gothic Migrant Host,land,a_age_1_traditions_heavy_infantry,levy,age_2_renaissance,GUT|VAN|RUG|BRG,medium_tag|heavy_tag,movement_speed=0.08|supply_weight=-0.08,forest=0.08|grasslands=0.06,P8.7;P14;STR-GER;CAH-XI,contested,"A migration-era host adapter for changing lower-Vistula and Pontic coalitions without scripting one inevitable route, conquest, or pan-Gothic army."
antq_alamannic_confederate_host,Alamannic Confederate Host,land,a_age_1_traditions_heavy_infantry,levy,age_3_discovery,CHT|HER|SEM|MCM,medium_tag|heavy_tag,morale_damage_done=0.10|movement_speed=0.05,forest=0.08|hills=0.08,P8.7;P14;OCD-ALE;CAH-XI,contested,"A post-AD-213 upper-Rhine confederate-host adapter whose tag access represents possible constituent continuities rather than retrojecting Alemanni into AD 1."
antq_frankish_rhine_warband,Frankish Rhine Warband,land,a_age_1_traditions_heavy_infantry,levy,age_3_discovery,BTV|FRI|CRU|CHT,medium_tag|sword_tag,morale_damage_done=0.10|strength_damage_taken=-0.03,river=0.10|forest=0.06,P8.7;P14;CAM-FRK;CAH-XI,contested,"A post-AD-250 lower-Rhine confederate-warband adapter without treating earlier Batavian, Frisian, Cheruscan, or Chattian polities as already Frankish."
antq_saxon_coastal_warband,Saxon Coastal Warband,land,a_age_1_traditions_light_infantry,levy,age_4_reformation,SAX|ANG|JUT|LAN,light_tag|sword_tag,movement_speed=0.12|supply_weight=-0.06,coastal=0.12|wetlands=0.06,P8.7;P14;STR-GER;CAH-XII,contested,"A late-Roman North Sea coastal-warband adapter, available only after AD 300 and not a claim for the later Adventus Saxonum outcome."
antq_mesopotamian_river_patrol,Mesopotamian River Patrol,navy,n_age_1_traditions_galley,regular,age_1_traditions,PAR|CHA|ELY|PRS,,movement_speed=0.35|hull_size=-3,,P8.2;P14;PER;CAH-XI,contested,"A shallow-draft oared patrol adapter for the Tigris-Euphrates corridor; it does not imply an Arsacid blue-water fleet or standardized hull."
antq_persian_gulf_patrol_craft,Persian Gulf Patrol Craft,navy,n_age_1_traditions_light_ship,regular,age_1_traditions,PAR|CHA|ELY|PRS|OMN|SAB|HIM|QAT|HAD,,movement_speed=0.45|hull_size=-3,,P8.2;P8.5;P14;PER;CAH-XI,contested,"A stitched-plank coastal patrol and escort adapter for Gulf ports and island passages without projecting later dhow rigs or a permanent state navy."
antq_mesopotamian_river_transport,Mesopotamian River Transport,navy,n_age_1_traditions_transport,regular,age_1_traditions,PAR|CHA|ELY|PRS,,transport_capacity=0.30|hull_size=-2,,P8.2;P14;PER;CAH-XI,secure,"A broad river cargo and troop-transport adapter for Mesopotamian waterways, distinct from an ocean-going merchant roundship."
antq_caspian_oared_boat,Caspian Oared Boat,navy,n_age_1_traditions_galley,regular,age_1_traditions,PAR|ATR|ALC|IBR|ARM,,movement_speed=0.40|hull_size=-4,,P8.2;P14;PER;CAH-XI,contested,"A compact oared coastal craft for Caspian shore movement and local patrol, not a Mediterranean trireme or a reconstructed royal squadron."
antq_spear_and_shield_infantry,Spear and Shield Infantry,land,a_age_1_traditions_heavy_infantry,regular,age_1_traditions,ALL,medium_tag|heavy_tag,morale_damage_taken=-0.02|movement_speed=-0.02,hills=0.02|forest=0.02,P14;CAH-XI,secure,"A universal ancient heavy-foot floor using broadly attested spear-and-shield equipment; regional specialists remain stronger and more distinctive."
antq_javelin_skirmishers,Javelin Skirmishers,land,a_age_1_traditions_light_infantry,regular,age_1_traditions,ALL,light_tag,initiative=0.10|movement_speed=0.06,hills=0.03|forest=0.03,P14;CAH-XI,secure,"A universal ancient light-foot floor for dispersed missile harassment without assigning one ethnic doctrine or equipment standard."
antq_bow_infantry,Bow Infantry,land,a_age_1_traditions_light_infantry,regular,age_1_traditions,ALL,archer_tag|light_tag,initiative=0.12|morale_damage_done=0.03,forest=0.02|hills=0.02,P14;CAH-XI,secure,"A conservative self-bow infantry floor available across the roster; composite bows and famous regional archers remain separate specialists."
antq_household_retainers,Household Retainers,land,a_age_1_traditions_heavy_infantry,regular,age_1_traditions,ALL,medium_tag|sword_tag,morale_damage_done=0.04|strength_damage_taken=-0.02,hills=0.02,P14;CAH-XI,contested,"A small prestige-bound heavy-foot role abstracting household service without claiming a uniform aristocratic institution across all polities."
antq_district_spear_muster,District Spear Muster,land,a_age_1_traditions_heavy_infantry,levy,age_1_traditions,ALL,medium_tag|heavy_tag,morale_damage_taken=-0.01|movement_speed=-0.03,hills=0.02,P14;CAH-XI,contested,"A universal levy floor for locality-based spear musters; the district label is mechanical and does not impose Roman territorial administration."
antq_seasonal_skirmishers,Seasonal Skirmishers,land,a_age_1_traditions_light_infantry,levy,age_1_traditions,ALL,light_tag,initiative=0.08|movement_speed=0.05,forest=0.03|hills=0.02,P14;CAH-XI,contested,"A universal levy floor for seasonal light-foot service using locally available missiles and shields."
antq_frontier_spear_company,Frontier Spear Company,land,a_age_1_traditions_heavy_infantry,mercenary,age_1_traditions,ALL,medium_tag|heavy_tag,morale_damage_taken=-0.02|supply_weight=-0.03,hills=0.03|river=0.03,P14;CAH-XI,contested,"A portable paid spear-company role representing military labor markets without inventing a named permanent regiment."
antq_caravan_guard_company,Caravan Guard Company,land,a_age_1_traditions_light_infantry,mercenary,age_1_traditions,ALL,archer_tag|light_tag,movement_speed=0.06|supply_weight=-0.05,desert=0.03|hills=0.03,P8.1;P8.2;P8.4;P8.5;P14;PER,contested,"A portable route-guard company role for paid escorts and armed brokers; local specialists and regional equipment remain represented by other companies."
antq_han_frontier_crossbow_company,Han Frontier Crossbow Company,land,a_age_1_traditions_light_infantry,mercenary,age_1_traditions,HAN,archer_tag|light_tag,initiative=0.16|morale_damage_done=0.04,hills=0.05|river=0.04,P8.3;P14;CAH-XI,secure,"A bounded hired or seconded Han crossbow role for frontier and escort service without inventing a permanent private regiment."
antq_yellow_river_escort_company,Yellow River Escort Company,land,a_age_1_traditions_heavy_infantry,mercenary,age_1_traditions,HAN,medium_tag|heavy_tag,morale_damage_taken=-0.03|movement_speed=-0.02,river=0.08|grasslands=0.03,P8.3;P14;CAH-XI,contested,"A river-route spear escort adapter representing contracted and locally seconded guards rather than one named formation."
antq_indian_longbow_company,Indian Longbow Company,land,a_age_1_traditions_light_infantry,mercenary,age_1_traditions,SAT|ISK|IGR|YDH|ARJ|KUN|KAL|CHE|CHL|PND|ANU|GNG|AUD|NMS|PCM|KSM|AYM|KSH|MLL|VDJ|AGA|PDR|RAR|VNG|SMT|HRK|CNP|AMB|DDV|KJH|UBR|SDY|MYL|SKM|IMV|ANR|LBR|RKU|SRS|KCH|MTS|CHB|ABN|MRN|JGP|TND|ATY|UJJ|VDS|CED|NVM|BGL|DKS|BSR|MLD,archer_tag|light_tag,initiative=0.14|morale_damage_done=0.04,jungle=0.05|grasslands=0.03,P8.4;P14;CAH-XI,contested,"A broad early-historic longbow service company for Indian courts and cities without claiming uniform equipment caste or organization."
antq_deccan_spear_company,Deccan Spear Company,land,a_age_1_traditions_heavy_infantry,mercenary,age_1_traditions,SAT|ISK|IGR|YDH|ARJ|KUN|KAL|CHE|CHL|PND|ANU|GNG|AUD|NMS|PCM|KSM|AYM|KSH|MLL|VDJ|AGA|PDR|RAR|VNG|SMT|HRK|CNP|AMB|DDV|KJH|UBR|SDY|MYL|SKM|IMV|ANR|LBR|RKU|SRS|KCH|MTS|CHB|ABN|MRN|JGP|TND|ATY|UJJ|VDS|CED|NVM|BGL|DKS|BSR|MLD,medium_tag|heavy_tag,morale_damage_taken=-0.03|strength_damage_taken=-0.02,hills=0.06|desert=0.04,P8.4;P14;CAH-XI,contested,"A conservative spear-and-shield company adapter for peninsular and inland service without asserting one Deccan-wide military institution."
antq_nile_bow_company,Nile Bow Company,land,a_age_1_traditions_light_infantry,mercenary,age_1_traditions,MAU|KUS|AKS|GAR|BLM|BEJ|DJN|WAF|ZMP|KPC|GTC|NSK|OUE|VIC|BSW|BNT|URW|KWL|RUV|LMP|ZHF|WDP|BCH|BAR|AVA|MLA|MUN|MOS|ARO|OPO|HAU|AZA|BER|MUS|NOK|LCH|MNG|WGD|VLT|SNG|AKF|LNC|GUR|MUP|AIR,archer_tag|light_tag,initiative=0.16|movement_speed=0.06,desert=0.05|river=0.06,P8.5;P14;CAH-XI,contested,"A Nile-anchored bow-service company broadly available through African recruitment networks without flattening distinct regional traditions."
antq_sahel_javelin_company,Sahel Javelin Company,land,a_age_1_traditions_light_infantry,mercenary,age_1_traditions,MAU|KUS|AKS|GAR|BLM|BEJ|DJN|WAF|ZMP|KPC|GTC|NSK|OUE|VIC|BSW|BNT|URW|KWL|RUV|LMP|ZHF|WDP|BCH|BAR|AVA|MLA|MUN|MOS|ARO|OPO|HAU|AZA|BER|MUS|NOK|LCH|MNG|WGD|VLT|SNG|AKF|LNC|GUR|MUP|AIR,archer_tag|light_tag,initiative=0.18|movement_speed=0.08,grasslands=0.08|desert=0.04,P8.5;P14;CAH-XI,contested,"A mobile javelin-and-hide-shield gameplay role for savanna service without projecting a single ethnicity polity or later military system."
antq_mesoamerican_atlatl_company,Mesoamerican Atlatl Company,land,a_age_1_traditions_light_infantry,mercenary,age_1_traditions,TEO|CUI|MAY|ZAP|EPI|NYS|TJC|SJB|COL|BJC|PHC|MBC|TVC|MZC|JZH|SDR|HOP|BSK|DOR|PPA|MHP|FLP|HVI|ABW|CMW|MRW|KCP|SLC|PTF|MRF|NHC|TPC|GLS|GPC|ONH|IZA|CPH|VCS|VIR|NAZ|LIM|ATC|CBA|REC|HUA|PUK|TIW|WNK|MRH|UTC|YUN|MYB|HRC|SNE|LRC|OLC|WIC|CCF|ACU,archer_tag|light_tag,initiative=0.18|morale_damage_done=0.03,jungle=0.06|hills=0.04,P8.10;P14,contested,"A Late Formative spear-thrower company adapter without backdating Aztec imperial regalia organization or metal weapons."
antq_andean_sling_company,Andean Sling Company,land,a_age_1_traditions_light_infantry,mercenary,age_1_traditions,TEO|CUI|MAY|ZAP|EPI|NYS|TJC|SJB|COL|BJC|PHC|MBC|TVC|MZC|JZH|SDR|HOP|BSK|DOR|PPA|MHP|FLP|HVI|ABW|CMW|MRW|KCP|SLC|PTF|MRF|NHC|TPC|GLS|GPC|ONH|IZA|CPH|VCS|VIR|NAZ|LIM|ATC|CBA|REC|HUA|PUK|TIW|WNK|MRH|UTC|YUN|MYB|HRC|SNE|LRC|OLC|WIC|CCF|ACU,archer_tag|light_tag,initiative=0.16|movement_speed=0.06,mountains=0.08|hills=0.06,P8.10;P14,contested,"An Andean highland sling-service adapter without projecting later Inca state uniforms ranks or imperial recruitment systems."
antq_british_coastal_warboat,British Coastal Warboat,navy,n_age_1_traditions_light_ship,regular,age_1_traditions,ORD|DUM|REG|BLG|PBI|CRV|DEM|VOT|NOV|DAM|VCN|TAE|EPD|VAC|DCT|CRE|CNA|LGB|SME|NCR|CAL,,movement_speed=0.45|hull_size=-4,,P8.7;P14;CAH-XI,contested,"A bounded coastal patrol adapter for British harbor polities, not a reconstructed standardized state fleet."
antq_british_hide_transport,British Hide Transport,navy,n_age_1_traditions_transport,regular,age_1_traditions,ORD|DUM|REG|BLG|PBI|CRV|DEM|VOT|NOV|DAM|VCN|TAE|EPD|VAC|DCT|CRE|CNA|LGB|SME|NCR|CAL,,transport_capacity=0.20|hull_size=-3,,P8.7;P14;CAH-XI,contested,"A bounded hide-covered coastal carrier for British harbor polities, not a reconstructed standardized state fleet."
antq_hibernian_war_curragh,Hibernian War Curragh,navy,n_age_1_traditions_light_ship,regular,age_1_traditions,VNI|RHB|NAG|AUT|IVN|USD|IBG|MNP|CCI,,movement_speed=0.45|hull_size=-4,,P8.7;P14;CAH-XI,contested,"A bounded Hibernian coastal patrol role, not a reconstructed standardized state fleet or a projection of later raiding institutions."
antq_hibernian_cargo_curragh,Hibernian Cargo Curragh,navy,n_age_1_traditions_transport,regular,age_1_traditions,VNI|RHB|NAG|AUT|IVN|USD|IBG|MNP|CCI,,transport_capacity=0.20|hull_size=-3,,P8.7;P14;CAH-XI,contested,"A bounded Hibernian coastal carrier role, not a reconstructed standardized state fleet or a projection of later raiding institutions."
antq_germanic_north_sea_patrol,Germanic North Sea Patrol,navy,n_age_1_traditions_light_ship,regular,age_1_traditions,GUT|MUG,,movement_speed=0.45|hull_size=-4,,P8.7;P14;CAH-XI;TAC-GER,contested,"A bounded North Sea patrol adapter for harbor-owning Germanic polities, not a reconstructed standardized state fleet."
antq_germanic_north_sea_transport,Germanic North Sea Transport,navy,n_age_1_traditions_transport,regular,age_1_traditions,GUT|MUG,,transport_capacity=0.20|hull_size=-3,,P8.7;P14;CAH-XI;TAC-GER,contested,"A bounded North Sea carrier adapter for harbor-owning Germanic polities, not a reconstructed standardized state fleet."
antq_baltic_sewn_plank_patrol,Baltic Sewn-Plank Patrol,navy,n_age_1_traditions_light_ship,regular,age_1_traditions,AES,,movement_speed=0.45|hull_size=-4,,P8.7;P14;CAH-XI;VU-BRUSH,contested,"A bounded sewn-plank Baltic patrol adapter for the Aestian coast, not a reconstructed standardized state fleet."
antq_baltic_sewn_plank_transport,Baltic Sewn-Plank Transport,navy,n_age_1_traditions_transport,regular,age_1_traditions,AES,,transport_capacity=0.20|hull_size=-3,,P8.7;P14;CAH-XI;VU-BRUSH,contested,"A bounded sewn-plank Baltic carrier adapter for the Aestian coast, not a reconstructed standardized state fleet."
antq_finnic_coastal_dugout_patrol,Finnic Coastal Dugout Patrol,navy,n_age_1_traditions_light_ship,regular,age_1_traditions,FIN,,movement_speed=0.45|hull_size=-4,,P8.7;P14;CAH-XI,contested,"A bounded archipelago and coastal patrol adapter for Finnic harbor communities, not a reconstructed standardized state fleet."
antq_finnic_coastal_transport,Finnic Coastal Transport,navy,n_age_1_traditions_transport,regular,age_1_traditions,FIN,,transport_capacity=0.20|hull_size=-3,,P8.7;P14;CAH-XI,contested,"A bounded archipelago and coastal carrier adapter for Finnic harbor communities, not a reconstructed standardized state fleet."
antq_pontic_monoxylon_patrol,Pontic Monoxylon Patrol,navy,n_age_1_traditions_light_ship,regular,age_1_traditions,ROX,,movement_speed=0.45|hull_size=-4,,P8.2;P14;CAH-XI,contested,"A bounded river-sea patrol adapter for the lower Pontic coast, not a reconstructed standardized state fleet."
antq_pontic_river_sea_transport,Pontic River-Sea Transport,navy,n_age_1_traditions_transport,regular,age_1_traditions,ROX,,transport_capacity=0.20|hull_size=-3,,P8.2;P14;CAH-XI,contested,"A bounded river-sea carrier adapter for the lower Pontic coast, not a reconstructed standardized state fleet."
antq_byeonhan_coastal_patrol,East Asian Coastal Patrol,navy,n_age_1_traditions_light_ship,regular,age_1_traditions,BYE,,movement_speed=0.45|hull_size=-4,,P8.3;P14;CAH-XI,contested,"A bounded East Asian coastal patrol adapter, not a reconstructed standardized state fleet."
antq_byeonhan_cargo_ferry,East Asian Cargo Ferry,navy,n_age_1_traditions_transport,regular,age_1_traditions,BYE,,transport_capacity=0.20|hull_size=-3,,P8.3;P14;CAH-XI,contested,"A bounded East Asian coastal carrier adapter, not a reconstructed standardized state fleet."
antq_philippine_outrigger_patrol,Philippine Outrigger Patrol,navy,n_age_1_traditions_light_ship,regular,age_1_traditions,MBL|BCP|MTT,,movement_speed=0.50|hull_size=-4,,P8.9;P14;CAH-XI;NMP-PH-METAL,contested,"A bounded Philippine inter-island patrol adapter using locally plausible outrigger craft, not a reconstructed standardized state fleet."
antq_philippine_outrigger_transport,Philippine Outrigger Transport,navy,n_age_1_traditions_transport,regular,age_1_traditions,MBL|BCP|MTT,,transport_capacity=0.22|hull_size=-3,,P8.9;P14;CAH-XI;NMP-PH-METAL,contested,"A bounded Philippine inter-island carrier adapter using locally plausible outrigger craft, not a reconstructed standardized state fleet."
antq_sulawesi_lashed_lug_patrol,Lashed-Lug Patrol,navy,n_age_1_traditions_light_ship,regular,age_1_traditions,BTM|MKS|MNH,,movement_speed=0.50|hull_size=-4,,P8.9;P14;CAH-XI;ANU-SULAWESI,contested,"A bounded island and littoral patrol adapter using lashed-lug construction, not a reconstructed standardized state fleet."
antq_sulawesi_outrigger_transport,Outrigger Transport,navy,n_age_1_traditions_transport,regular,age_1_traditions,BTM|MKS|MNH,,transport_capacity=0.22|hull_size=-3,,P8.9;P14;CAH-XI;ANU-SULAWESI,contested,"A bounded island and littoral carrier adapter using outrigger craft, not a reconstructed standardized state fleet."
antq_kwale_coastal_patrol,African Coastal Patrol,navy,n_age_1_traditions_light_ship,regular,age_1_traditions,KWL,,movement_speed=0.45|hull_size=-4,,P8.5;P14;CAH-XI,contested,"A bounded African coastal patrol adapter, not a reconstructed standardized state fleet."
antq_kwale_sewn_plank_transport,African Sewn-Plank Transport,navy,n_age_1_traditions_transport,regular,age_1_traditions,KWL,,transport_capacity=0.20|hull_size=-3,,P8.5;P14;CAH-XI,contested,"A bounded African coastal carrier adapter using sewn-plank construction, not a reconstructed standardized state fleet."
antq_andean_balsa_patrol,Andean Balsa Patrol,navy,n_age_1_traditions_light_ship,regular,age_1_traditions,NAZ|LIM,,movement_speed=0.40|hull_size=-4,,P8.10;P14;CAH-XI,contested,"A bounded Pacific balsa-raft patrol adapter for coastal Andean polities, not a reconstructed standardized state fleet."
antq_andean_balsa_transport,Andean Balsa Transport,navy,n_age_1_traditions_transport,regular,age_1_traditions,NAZ|LIM,,transport_capacity=0.20|hull_size=-3,,P8.10;P14;CAH-XI,contested,"A bounded Pacific balsa-raft carrier adapter for coastal Andean polities, not a reconstructed standardized state fleet."
antq_micronesian_outrigger_patrol,Micronesian Outrigger Patrol,navy,n_age_1_traditions_light_ship,regular,age_1_traditions,EMR|WCR,,movement_speed=0.55|hull_size=-4,,P8.9;P14;CAH-XI;ANU-MIC,contested,"A bounded Micronesian inter-island patrol adapter, not a reconstructed standardized state fleet."
antq_micronesian_double_outrigger_transport,Micronesian Double-Outrigger Transport,navy,n_age_1_traditions_transport,regular,age_1_traditions,EMR|WCR,,transport_capacity=0.22|hull_size=-3,,P8.9;P14;CAH-XI;ANU-MIC,contested,"A bounded Micronesian inter-island carrier adapter, not a reconstructed standardized state fleet."
antq_caribbean_dugout_patrol,American Dugout Patrol,navy,n_age_1_traditions_light_ship,regular,age_1_traditions,WIC,,movement_speed=0.50|hull_size=-4,,P8.10;P14;CAH-XI,contested,"A bounded American river and coastal dugout patrol adapter, not a reconstructed standardized state fleet."
antq_caribbean_dugout_transport,American Dugout Transport,navy,n_age_1_traditions_transport,regular,age_1_traditions,WIC,,transport_capacity=0.20|hull_size=-3,,P8.10;P14;CAH-XI,contested,"A bounded American river and coastal dugout carrier adapter, not a reconstructed standardized state fleet."
antq_californian_coastal_canoe_patrol,Californian Coastal Canoe Patrol,navy,n_age_1_traditions_light_ship,regular,age_1_traditions,CCF,,movement_speed=0.45|hull_size=-4,,P8.10;P14;CAH-XI;NOAA-MONTEREY,contested,"A bounded central Californian coastal patrol adapter, not a reconstructed standardized state fleet."
antq_californian_tule_transport,Californian Tule Transport,navy,n_age_1_traditions_transport,regular,age_1_traditions,CCF,,transport_capacity=0.18|hull_size=-4,,P8.10;P14;CAH-XI;NOAA-MONTEREY,contested,"A bounded central Californian tule carrier adapter, not a reconstructed standardized state fleet."
