tag,name,tier,kind,culture,culture_group,technology_level,owned_age_i,eligible_count,eligible_keys,status
ROM,Roman Empire,1,country,antq_latin,antq_italic_group,3,89,6,antq_imperial_archives;antq_legionary_logistics;antq_river_port_dues;antq_collegia_distribution_halls;antq_juristic_responsa;antq_legionary_commentarii,pass
JUD,Herodian Judea,1,subject,antq_judean,antq_semitic_group,3,89,2,antq_caravan_diaspora_quarters;antq_civic_cult_associations,pass
GAL,Herodian Galilee-Peraea,1,subject,antq_judean,antq_semitic_group,3,89,2,antq_caravan_diaspora_quarters;antq_civic_cult_associations,pass
BAT,Herodian Batanea,1,subject,antq_judean,antq_semitic_group,3,89,2,antq_caravan_diaspora_quarters;antq_civic_cult_associations,pass
NAB,Nabataea,1,subject,antq_nabataean_arab,antq_semitic_group,3,89,2,antq_caravan_diaspora_quarters;antq_civic_cult_associations,pass
CAP,Cappadocia,1,subject,antq_greek_koine,antq_hellenic_group,3,89,2,antq_geometric_commentary_schools;antq_medical_case_histories,pass
COM,Commagene,1,subject,antq_aramaic,antq_semitic_group,3,89,2,antq_caravan_diaspora_quarters;antq_civic_cult_associations,pass
EME,Emesa,1,subject,antq_aramaic,antq_semitic_group,3,89,2,antq_caravan_diaspora_quarters;antq_civic_cult_associations,pass
THR,Odrysian Thrace,1,subject,antq_greek_koine,antq_hellenic_group,3,89,2,antq_geometric_commentary_schools;antq_medical_case_histories,pass
BOS,Bosporan Kingdom,1,subject,antq_sarmatian,antq_iranian_group,3,89,3,antq_scale_armour_workshops;antq_armoured_retinue_drill;antq_scholarly_correspondence,pass
MAU,Mauretania,1,subject,antq_berber,antq_berber_group,3,89,4,antq_oasis_tribute_stations;antq_nile_caravan_adjudication;antq_red_sea_entrepots;antq_sahel_iron_exchange,pass
PAR,Parthian Empire,1,country,antq_parthian,antq_iranian_group,3,89,3,antq_scale_armour_workshops;antq_armoured_retinue_drill;antq_scholarly_correspondence,pass
CHA,Characene,1,subject,antq_parthian,antq_iranian_group,3,89,3,antq_scale_armour_workshops;antq_armoured_retinue_drill;antq_scholarly_correspondence,pass
ELY,Elymais,1,subject,antq_persian,antq_iranian_group,3,89,3,antq_scale_armour_workshops;antq_armoured_retinue_drill;antq_scholarly_correspondence,pass
PRS,Persis,1,subject,antq_persian,antq_iranian_group,3,89,3,antq_scale_armour_workshops;antq_armoured_retinue_drill;antq_scholarly_correspondence,pass
ATR,Media Atropatene,1,subject,antq_median,antq_iranian_group,3,89,3,antq_scale_armour_workshops;antq_armoured_retinue_drill;antq_scholarly_correspondence,pass
ADI,Adiabene,1,subject,antq_aramaic,antq_semitic_group,3,89,2,antq_caravan_diaspora_quarters;antq_civic_cult_associations,pass
OSR,Osroene,1,subject,antq_syriac,antq_semitic_group,3,89,2,antq_caravan_diaspora_quarters;antq_civic_cult_associations,pass
GOR,Gordyene,1,subject,antq_aramaic,antq_semitic_group,3,89,2,antq_caravan_diaspora_quarters;antq_civic_cult_associations,pass
SKT,Sakastan,1,subject,antq_saka,antq_iranian_group,3,89,3,antq_scale_armour_workshops;antq_armoured_retinue_drill;antq_scholarly_correspondence,pass
MRG,Margiana,1,subject,antq_sogdian,antq_iranian_group,3,89,3,antq_scale_armour_workshops;antq_armoured_retinue_drill;antq_scholarly_correspondence,pass
ARM,Kingdom of Armenia,1,country,antq_armenian,antq_caucasian_group,3,89,2,antq_caravan_diaspora_quarters;antq_civic_cult_associations,pass
IBR,Caucasian Iberia,1,country,antq_kartvelian,antq_caucasian_group,3,89,2,antq_caravan_diaspora_quarters;antq_civic_cult_associations,pass
CLZ,Colchis,2,country,antq_colchian,antq_caucasian_group,3,89,2,antq_caravan_diaspora_quarters;antq_civic_cult_associations,pass
ALC,Caucasian Albania,2,country,antq_caucasian_albanian,antq_caucasian_group,3,89,2,antq_caravan_diaspora_quarters;antq_civic_cult_associations,pass
HAN,Western Han,1,country,antq_han,antq_sinitic_group,3,89,4,antq_relay_market_stations;antq_salt_iron_bureau_exchange;antq_calendrical_offices;antq_hydraulic_administration_manuals,pass
XIO,Xiongnu Confederation,1,country,antq_xiongnu,antq_steppe_group,3,89,3,antq_scale_armour_workshops;antq_armoured_retinue_drill;antq_scholarly_correspondence,pass
KHT,Khotan,1,subject,antq_bactrian,antq_iranian_group,3,89,3,antq_scale_armour_workshops;antq_armoured_retinue_drill;antq_scholarly_correspondence,pass
KUC,Kucha,1,subject,antq_bactrian,antq_iranian_group,3,89,3,antq_scale_armour_workshops;antq_armoured_retinue_drill;antq_scholarly_correspondence,pass
KAS,Kashgar,1,subject,antq_bactrian,antq_iranian_group,3,89,3,antq_scale_armour_workshops;antq_armoured_retinue_drill;antq_scholarly_correspondence,pass
LOU,Loulan,1,subject,antq_bactrian,antq_iranian_group,3,89,3,antq_scale_armour_workshops;antq_armoured_retinue_drill;antq_scholarly_correspondence,pass
TUR,Turfan,1,subject,antq_bactrian,antq_iranian_group,3,89,3,antq_scale_armour_workshops;antq_armoured_retinue_drill;antq_scholarly_correspondence,pass
GOG,Goguryeo,1,country,antq_korean,antq_korean_group,3,89,4,antq_relay_market_stations;antq_salt_iron_bureau_exchange;antq_calendrical_offices;antq_hydraulic_administration_manuals,pass
BUY,Buyeo,2,country,antq_korean,antq_korean_group,3,89,4,antq_relay_market_stations;antq_salt_iron_bureau_exchange;antq_calendrical_offices;antq_hydraulic_administration_manuals,pass
MAH,Mahan,2,sop,antq_samhan,antq_korean_group,1,10,4,antq_legal_petitions;antq_municipal_charters;antq_bronze_cash_strings;antq_bamboo_slip_collation,pass
JIN,Jinhan,2,sop,antq_samhan,antq_korean_group,1,10,4,antq_legal_petitions;antq_municipal_charters;antq_bronze_cash_strings;antq_bamboo_slip_collation,pass
BYE,Byeonhan,2,sop,antq_samhan,antq_korean_group,1,10,4,antq_legal_petitions;antq_municipal_charters;antq_bronze_cash_strings;antq_bamboo_slip_collation,pass
WAA,Wa Polities,2,sop,antq_wa,antq_japonic_group,1,10,4,antq_legal_petitions;antq_municipal_charters;antq_bronze_cash_strings;antq_bamboo_slip_collation,pass
SAT,Satavahana,2,country,antq_indo_aryan,antq_indian_group,3,89,5,antq_fortified_river_camps;antq_monsoon_campaign_stores;antq_seasonal_markets;antq_ayurvedic_compendia;antq_astronomical_reckoning,pass
ISK,Indo-Scythian Realm,2,country,antq_saka,antq_iranian_group,3,89,3,antq_scale_armour_workshops;antq_armoured_retinue_drill;antq_scholarly_correspondence,pass
IGR,Indo-Greek Rump,2,country,antq_greek_koine,antq_hellenic_group,3,89,2,antq_geometric_commentary_schools;antq_medical_case_histories,pass
YUE,Yuezhi Confederation,2,country,antq_bactrian,antq_iranian_group,3,89,3,antq_scale_armour_workshops;antq_armoured_retinue_drill;antq_scholarly_correspondence,pass
YDH,Yaudheya,2,country,antq_indo_aryan,antq_indian_group,3,89,5,antq_fortified_river_camps;antq_monsoon_campaign_stores;antq_seasonal_markets;antq_ayurvedic_compendia;antq_astronomical_reckoning,pass
ARJ,Arjunayana,2,country,antq_indo_aryan,antq_indian_group,3,89,5,antq_fortified_river_camps;antq_monsoon_campaign_stores;antq_seasonal_markets;antq_ayurvedic_compendia;antq_astronomical_reckoning,pass
KUN,Kuninda,2,country,antq_indo_aryan,antq_indian_group,3,89,5,antq_fortified_river_camps;antq_monsoon_campaign_stores;antq_seasonal_markets;antq_ayurvedic_compendia;antq_astronomical_reckoning,pass
KAL,Kalinga,2,country,antq_indo_aryan,antq_indian_group,3,89,5,antq_fortified_river_camps;antq_monsoon_campaign_stores;antq_seasonal_markets;antq_ayurvedic_compendia;antq_astronomical_reckoning,pass
CHE,Chera,2,country,antq_tamil,antq_indian_group,3,89,5,antq_fortified_river_camps;antq_monsoon_campaign_stores;antq_seasonal_markets;antq_ayurvedic_compendia;antq_astronomical_reckoning,pass
CHL,Chola,2,country,antq_tamil,antq_indian_group,3,89,5,antq_fortified_river_camps;antq_monsoon_campaign_stores;antq_seasonal_markets;antq_ayurvedic_compendia;antq_astronomical_reckoning,pass
PND,Pandya Kingdom,2,country,antq_tamil,antq_indian_group,3,89,5,antq_fortified_river_camps;antq_monsoon_campaign_stores;antq_seasonal_markets;antq_ayurvedic_compendia;antq_astronomical_reckoning,pass
ANU,Anuradhapura,2,country,antq_indo_aryan,antq_indian_group,3,89,5,antq_fortified_river_camps;antq_monsoon_campaign_stores;antq_seasonal_markets;antq_ayurvedic_compendia;antq_astronomical_reckoning,pass
KUS,Kush,2,country,antq_nubian,antq_nile_group,3,89,4,antq_oasis_tribute_stations;antq_nile_caravan_adjudication;antq_red_sea_entrepots;antq_sahel_iron_exchange,pass
AKS,Aksum,2,country,antq_nubian,antq_nile_group,3,89,4,antq_oasis_tribute_stations;antq_nile_caravan_adjudication;antq_red_sea_entrepots;antq_sahel_iron_exchange,pass
GAR,Garamantes,2,country,antq_berber,antq_berber_group,3,89,4,antq_oasis_tribute_stations;antq_nile_caravan_adjudication;antq_red_sea_entrepots;antq_sahel_iron_exchange,pass
BLM,Blemmyes,2,sop,antq_blemmyan,antq_nile_group,1,10,2,antq_meroitic_temple_stewardship;antq_garamantian_oasis_stages,pass
BEJ,Beja,2,sop,antq_nubian,antq_nile_group,1,10,2,antq_meroitic_temple_stewardship;antq_garamantian_oasis_stages,pass
DJN,Djenne-Djenno,2,sop,antq_middle_niger,antq_subsaharan_group,1,10,2,antq_meroitic_temple_stewardship;antq_garamantian_oasis_stages,pass
WAF,West African Iron-Age Societies,3,sop,antq_mande,antq_subsaharan_group,1,10,2,antq_meroitic_temple_stewardship;antq_garamantian_oasis_stages,pass
BNT,Ngovo Horizon,3,sop,antq_ngovo,antq_subsaharan_group,1,10,2,antq_meroitic_temple_stewardship;antq_garamantian_oasis_stages,pass
URW,Urewe Horizon,3,sop,antq_urewe,antq_subsaharan_group,1,10,2,antq_meroitic_temple_stewardship;antq_garamantian_oasis_stages,pass
KWL,Kwale Horizon,3,sop,antq_kwale,antq_subsaharan_group,1,10,2,antq_meroitic_temple_stewardship;antq_garamantian_oasis_stages,pass
RUV,Ruvuma-Lurio Frontier,3,sop,antq_ruvuma_lurio,antq_subsaharan_group,1,10,2,antq_meroitic_temple_stewardship;antq_garamantian_oasis_stages,pass
LMP,Limpopo Hunter-Herder Networks,3,sop,antq_limpopo_hunter_herder,antq_subsaharan_group,1,10,2,antq_meroitic_temple_stewardship;antq_garamantian_oasis_stages,pass
ZHF,Zambezi Hunter-Herder Networks,3,sop,antq_zambezi_forager,antq_subsaharan_group,1,10,2,antq_meroitic_temple_stewardship;antq_garamantian_oasis_stages,pass
WDP,Wadai Plateau Communities,3,sop,antq_wadai_plateau,antq_subsaharan_group,1,10,2,antq_meroitic_temple_stewardship;antq_garamantian_oasis_stages,pass
BCH,Bauchi Plateau Communities,3,sop,antq_post_nok,antq_subsaharan_group,1,10,2,antq_meroitic_temple_stewardship;antq_garamantian_oasis_stages,pass
BAR,Guban Pastoralists,3,sop,antq_northern_horn_coastal,antq_subsaharan_group,1,10,2,antq_meroitic_temple_stewardship;antq_garamantian_oasis_stages,pass
AVA,Avalites,2,sop,antq_northern_horn_coastal,antq_subsaharan_group,1,10,2,antq_meroitic_temple_stewardship;antq_garamantian_oasis_stages,pass
MLA,Malao,2,sop,antq_northern_horn_coastal,antq_subsaharan_group,1,10,2,antq_meroitic_temple_stewardship;antq_garamantian_oasis_stages,pass
MUN,Mundu,2,sop,antq_northern_horn_coastal,antq_subsaharan_group,1,10,2,antq_meroitic_temple_stewardship;antq_garamantian_oasis_stages,pass
MOS,Mosyllon,2,sop,antq_northern_horn_coastal,antq_subsaharan_group,1,10,2,antq_meroitic_temple_stewardship;antq_garamantian_oasis_stages,pass
ARO,Aromata Emporion,2,sop,antq_northern_horn_coastal,antq_subsaharan_group,1,10,2,antq_meroitic_temple_stewardship;antq_garamantian_oasis_stages,pass
OPO,Opone,2,sop,antq_northern_horn_coastal,antq_subsaharan_group,1,10,2,antq_meroitic_temple_stewardship;antq_garamantian_oasis_stages,pass
HAU,Haud Pastoralists,3,sop,antq_horn_pastoral,antq_subsaharan_group,1,10,2,antq_meroitic_temple_stewardship;antq_garamantian_oasis_stages,pass
AZA,Northern Azania,3,sop,antq_northern_azanian,antq_subsaharan_group,1,10,2,antq_meroitic_temple_stewardship;antq_garamantian_oasis_stages,pass
SAB,Saba,2,country,antq_south_arabian,antq_semitic_group,3,89,2,antq_caravan_diaspora_quarters;antq_civic_cult_associations,pass
HIM,Himyar,2,country,antq_south_arabian,antq_semitic_group,3,89,2,antq_caravan_diaspora_quarters;antq_civic_cult_associations,pass
QAT,Qataban,2,country,antq_south_arabian,antq_semitic_group,3,89,2,antq_caravan_diaspora_quarters;antq_civic_cult_associations,pass
HAD,Hadramawt,2,country,antq_south_arabian,antq_semitic_group,3,89,2,antq_caravan_diaspora_quarters;antq_civic_cult_associations,pass
KIN,Kindah,2,sop,antq_arab,antq_semitic_group,1,10,3,antq_port_customs;antq_desert_waystations;antq_temple_city_almonries,pass
THM,Thamud,2,sop,antq_arab,antq_semitic_group,1,10,3,antq_port_customs;antq_desert_waystations;antq_temple_city_almonries,pass
AGR,Agraeans,2,sop,antq_arab,antq_semitic_group,1,10,3,antq_port_customs;antq_desert_waystations;antq_temple_city_almonries,pass
GRH,Gerrha,2,country,antq_arab,antq_semitic_group,3,89,2,antq_caravan_diaspora_quarters;antq_civic_cult_associations,pass
QTR,Cataraei,2,sop,antq_arab,antq_semitic_group,1,10,3,antq_port_customs;antq_desert_waystations;antq_temple_city_almonries,pass
OMN,Omanitae,2,sop,antq_arab,antq_semitic_group,1,10,3,antq_port_customs;antq_desert_waystations;antq_temple_city_almonries,pass
MCM,Marcomanni,1,country,antq_germanic,antq_germanic_group,3,89,2,antq_wergild_arbitration;antq_fosterage_and_hostages,pass
CRU,Cherusci,1,country,antq_germanic,antq_germanic_group,3,89,2,antq_wergild_arbitration;antq_fosterage_and_hostages,pass
CHT,Chatti,1,country,antq_germanic,antq_germanic_group,3,89,2,antq_wergild_arbitration;antq_fosterage_and_hostages,pass
FRI,Frisii,1,country,antq_germanic,antq_germanic_group,3,89,2,antq_wergild_arbitration;antq_fosterage_and_hostages,pass
BTV,Batavi,1,subject,antq_germanic,antq_germanic_group,3,89,2,antq_wergild_arbitration;antq_fosterage_and_hostages,pass
LAN,Langobardi,1,country,antq_germanic,antq_germanic_group,3,89,2,antq_wergild_arbitration;antq_fosterage_and_hostages,pass
SEM,Semnones,1,country,antq_germanic,antq_germanic_group,3,89,2,antq_wergild_arbitration;antq_fosterage_and_hostages,pass
HER,Hermunduri,1,country,antq_germanic,antq_germanic_group,3,89,2,antq_wergild_arbitration;antq_fosterage_and_hostages,pass
QUA,Quadi,1,country,antq_germanic,antq_germanic_group,3,89,2,antq_wergild_arbitration;antq_fosterage_and_hostages,pass
GUT,Gutones,1,country,antq_gothic,antq_germanic_group,3,89,2,antq_wergild_arbitration;antq_fosterage_and_hostages,pass
VAN,Vandili,1,country,antq_vandalic,antq_germanic_group,3,89,2,antq_wergild_arbitration;antq_fosterage_and_hostages,pass
RUG,Rugii,1,country,antq_germanic,antq_germanic_group,3,89,2,antq_wergild_arbitration;antq_fosterage_and_hostages,pass
BRG,Burgundiones,1,country,antq_germanic,antq_germanic_group,3,89,2,antq_wergild_arbitration;antq_fosterage_and_hostages,pass
ANG,Angles,1,country,antq_germanic,antq_germanic_group,3,89,2,antq_wergild_arbitration;antq_fosterage_and_hostages,pass
SAX,Saxons,1,country,antq_germanic,antq_germanic_group,3,89,2,antq_wergild_arbitration;antq_fosterage_and_hostages,pass
JUT,Jutes,1,country,antq_germanic,antq_germanic_group,3,89,2,antq_wergild_arbitration;antq_fosterage_and_hostages,pass
SUI,Suiones,1,sop,antq_suionian,antq_germanic_group,1,10,3,antq_field_engineering;antq_frontier_patrols;antq_household_retinue_feasts,pass
AES,Aestii,1,sop,antq_aestian,antq_baltic_group,1,10,2,antq_amber_coast_assemblies;antq_amber_route_waystations,pass
WBB,West Balt Barrow Culture,2,sop,antq_west_balt_barrows,antq_baltic_group,1,10,2,antq_amber_coast_assemblies;antq_amber_route_waystations,pass
BPC,Brushed Pottery Culture,2,sop,antq_brushed_pottery_baltic,antq_baltic_group,1,10,2,antq_amber_coast_assemblies;antq_amber_route_waystations,pass
WSC,West Lithuanian Stone-Circle Culture,2,sop,antq_west_lithuanian_circle,antq_baltic_group,1,10,2,antq_amber_coast_assemblies;antq_amber_route_waystations,pass
ETG,Early Tarand-Grave Horizon,2,sop,antq_early_tarand,antq_baltic_group,1,10,2,antq_amber_coast_assemblies;antq_amber_route_waystations,pass
VEN,Venedi,1,sop,antq_venedi,antq_slavic_group,1,10,2,antq_forest_ambush_routes;antq_riverside_hamlet_cooperation,pass
FIN,Fenni,1,sop,antq_finnic_culture,antq_uralic_group,1,10,2,antq_seasonal_round_councils;antq_route_memory_specialists,pass
CAT,Catuvellauni,1,country,antq_catuvellaunian,antq_celtic_group,3,89,4,antq_tribute_feast_tallies;antq_clientage_oath_networks;antq_champion_retinues;antq_oppidum_supply_caches,pass
TRI,Trinovantes,1,country,antq_trinovantian,antq_celtic_group,3,89,4,antq_tribute_feast_tallies;antq_clientage_oath_networks;antq_champion_retinues;antq_oppidum_supply_caches,pass
ICE,Iceni,1,country,antq_icenian,antq_celtic_group,3,89,4,antq_tribute_feast_tallies;antq_clientage_oath_networks;antq_champion_retinues;antq_oppidum_supply_caches,pass
BRI,Brigantes,1,country,antq_brigantian,antq_celtic_group,3,89,4,antq_tribute_feast_tallies;antq_clientage_oath_networks;antq_champion_retinues;antq_oppidum_supply_caches,pass
ATB,Atrebates,1,country,antq_british_atrebatic,antq_celtic_group,3,89,4,antq_tribute_feast_tallies;antq_clientage_oath_networks;antq_champion_retinues;antq_oppidum_supply_caches,pass
SIL,Silures,1,country,antq_silurian,antq_celtic_group,3,89,4,antq_tribute_feast_tallies;antq_clientage_oath_networks;antq_champion_retinues;antq_oppidum_supply_caches,pass
ORD,Ordovices,1,country,antq_ordovician,antq_celtic_group,3,89,4,antq_tribute_feast_tallies;antq_clientage_oath_networks;antq_champion_retinues;antq_oppidum_supply_caches,pass
DUM,Dumnonii,1,country,antq_dumnonian,antq_celtic_group,3,89,4,antq_tribute_feast_tallies;antq_clientage_oath_networks;antq_champion_retinues;antq_oppidum_supply_caches,pass
BRT,Cantiaci,2,sop,antq_cantiacian,antq_celtic_group,1,10,2,antq_oppidum_council_summons;antq_hillfort_muster_beacons,pass
REG,Regni,2,sop,antq_regnian,antq_celtic_group,1,10,2,antq_oppidum_council_summons;antq_hillfort_muster_beacons,pass
BLG,Belgae,2,sop,antq_british_belgic,antq_celtic_group,1,10,2,antq_oppidum_council_summons;antq_hillfort_muster_beacons,pass
DUR,Durotriges,2,sop,antq_durotrigian,antq_celtic_group,1,10,2,antq_oppidum_council_summons;antq_hillfort_muster_beacons,pass
DOB,Dobunni,2,sop,antq_dobunnic,antq_celtic_group,1,10,2,antq_oppidum_council_summons;antq_hillfort_muster_beacons,pass
COR,Corieltauvi,2,sop,antq_corieltauvian,antq_celtic_group,1,10,2,antq_oppidum_council_summons;antq_hillfort_muster_beacons,pass
CNV,Cornovii,2,sop,antq_british_cornovian,antq_celtic_group,1,10,2,antq_oppidum_council_summons;antq_hillfort_muster_beacons,pass
PBI,Parisii,2,sop,antq_british_parisian,antq_celtic_group,1,10,2,antq_oppidum_council_summons;antq_hillfort_muster_beacons,pass
CRV,Carvetii,2,sop,antq_carvetian,antq_celtic_group,1,10,2,antq_oppidum_council_summons;antq_hillfort_muster_beacons,pass
DEM,Demetae,2,sop,antq_demetian,antq_celtic_group,1,10,2,antq_oppidum_council_summons;antq_hillfort_muster_beacons,pass
DEC,Deceangli,2,sop,antq_deceanglian,antq_celtic_group,1,10,2,antq_oppidum_council_summons;antq_hillfort_muster_beacons,pass
VOT,Votadini,2,sop,antq_votadinian,antq_celtic_group,1,10,2,antq_oppidum_council_summons;antq_hillfort_muster_beacons,pass
SEL,Selgovae,2,sop,antq_selgovaean,antq_celtic_group,1,10,2,antq_oppidum_council_summons;antq_hillfort_muster_beacons,pass
NOV,Novantae,2,sop,antq_novantaean,antq_celtic_group,1,10,2,antq_oppidum_council_summons;antq_hillfort_muster_beacons,pass
DAM,Damnonii,2,sop,antq_damnonian,antq_celtic_group,1,10,2,antq_oppidum_council_summons;antq_hillfort_muster_beacons,pass
VCN,Venicones,2,sop,antq_veniconian,antq_celtic_group,1,10,2,antq_oppidum_council_summons;antq_hillfort_muster_beacons,pass
TAE,Taexali,2,sop,antq_taexalian,antq_celtic_group,1,10,2,antq_oppidum_council_summons;antq_hillfort_muster_beacons,pass
EPD,Epidii,2,sop,antq_epidian,antq_celtic_group,1,10,2,antq_oppidum_council_summons;antq_hillfort_muster_beacons,pass
VAC,Vacomagi,2,sop,antq_vacomagian,antq_celtic_group,1,10,2,antq_oppidum_council_summons;antq_hillfort_muster_beacons,pass
DCT,Decantae,2,sop,antq_decantian,antq_celtic_group,1,10,2,antq_oppidum_council_summons;antq_hillfort_muster_beacons,pass
CAE,Caereni,2,sop,antq_caerenian,antq_celtic_group,1,10,2,antq_oppidum_council_summons;antq_hillfort_muster_beacons,pass
CRE,Creones,2,sop,antq_creonian,antq_celtic_group,1,10,2,antq_oppidum_council_summons;antq_hillfort_muster_beacons,pass
CNA,Carnonacae,2,sop,antq_carnonacan,antq_celtic_group,1,10,2,antq_oppidum_council_summons;antq_hillfort_muster_beacons,pass
LGB,Lugi,2,sop,antq_british_lugian,antq_celtic_group,1,10,2,antq_oppidum_council_summons;antq_hillfort_muster_beacons,pass
SME,Smertae,2,sop,antq_smertian,antq_celtic_group,1,10,2,antq_oppidum_council_summons;antq_hillfort_muster_beacons,pass
NCR,Cornavii,2,sop,antq_northern_cornavian,antq_celtic_group,1,10,2,antq_oppidum_council_summons;antq_hillfort_muster_beacons,pass
CAL,Caledoni,2,sop,antq_caledonian,antq_celtic_group,1,10,2,antq_oppidum_council_summons;antq_hillfort_muster_beacons,pass
VNI,Vennicnii,2,sop,antq_vennicnian,antq_celtic_group,1,10,2,antq_oppidum_council_summons;antq_hillfort_muster_beacons,pass
RHB,Rhobogdii,2,sop,antq_rhobogdian,antq_celtic_group,1,10,2,antq_oppidum_council_summons;antq_hillfort_muster_beacons,pass
DAR,Darini,2,sop,antq_darinian,antq_celtic_group,1,10,2,antq_oppidum_council_summons;antq_hillfort_muster_beacons,pass
ERD,Erdini,2,sop,antq_erdinian,antq_celtic_group,1,10,2,antq_oppidum_council_summons;antq_hillfort_muster_beacons,pass
ULA,Voluntii,2,sop,antq_voluntian,antq_celtic_group,1,10,2,antq_oppidum_council_summons;antq_hillfort_muster_beacons,pass
NAG,Nagnatae,2,sop,antq_nagnatan,antq_celtic_group,1,10,2,antq_oppidum_council_summons;antq_hillfort_muster_beacons,pass
AUT,Autini,2,sop,antq_autinian,antq_celtic_group,1,10,2,antq_oppidum_council_summons;antq_hillfort_muster_beacons,pass
GAN,Gangani,2,sop,antq_ganganian,antq_celtic_group,1,10,2,antq_oppidum_council_summons;antq_hillfort_muster_beacons,pass
VEL,Velabri,2,sop,antq_velabrian,antq_celtic_group,1,10,2,antq_oppidum_council_summons;antq_hillfort_muster_beacons,pass
IVN,Iverni,2,sop,antq_ivernian,antq_celtic_group,1,10,2,antq_oppidum_council_summons;antq_hillfort_muster_beacons,pass
USD,Usdiae,2,sop,antq_usdiaean,antq_celtic_group,1,10,2,antq_oppidum_council_summons;antq_hillfort_muster_beacons,pass
IBG,Hibernian Brigantes,2,sop,antq_irish_brigantian,antq_celtic_group,1,10,2,antq_oppidum_council_summons;antq_hillfort_muster_beacons,pass
CND,Coriondi,2,sop,antq_coriondian,antq_celtic_group,1,10,2,antq_oppidum_council_summons;antq_hillfort_muster_beacons,pass
MNP,Manapii,2,sop,antq_manapian,antq_celtic_group,1,10,2,antq_oppidum_council_summons;antq_hillfort_muster_beacons,pass
CCI,Cauci,2,sop,antq_caucian,antq_celtic_group,1,10,2,antq_oppidum_council_summons;antq_hillfort_muster_beacons,pass
EBL,Eblani,2,sop,antq_eblanian,antq_celtic_group,1,10,2,antq_oppidum_council_summons;antq_hillfort_muster_beacons,pass
DAC,Dacian Kingdoms,2,country,antq_dacian,antq_balkan_group,3,89,6,antq_imperial_archives;antq_legionary_logistics;antq_river_port_dues;antq_collegia_distribution_halls;antq_juristic_responsa;antq_legionary_commentarii,pass
GET,Getae,2,sop,antq_getic,antq_balkan_group,1,10,6,antq_tax_registers;antq_road_milestones;antq_drill_routines;antq_supply_columns;antq_amphora_capacity_standards;antq_agrimensor_field_books,pass
BAS,Bastarnae,2,sop,antq_dacian,antq_balkan_group,1,10,6,antq_tax_registers;antq_road_milestones;antq_drill_routines;antq_supply_columns;antq_amphora_capacity_standards;antq_agrimensor_field_books,pass
IAZ,Iazyges,2,country,antq_dacian,antq_balkan_group,3,89,6,antq_imperial_archives;antq_legionary_logistics;antq_river_port_dues;antq_collegia_distribution_halls;antq_juristic_responsa;antq_legionary_commentarii,pass
ROX,Roxolani,2,country,antq_sarmatian,antq_iranian_group,3,89,3,antq_scale_armour_workshops;antq_armoured_retinue_drill;antq_scholarly_correspondence,pass
AOR,Aorsi,2,country,antq_sarmatian,antq_iranian_group,3,89,3,antq_scale_armour_workshops;antq_armoured_retinue_drill;antq_scholarly_correspondence,pass
SIR,Siraces,2,country,antq_sarmatian,antq_iranian_group,3,89,3,antq_scale_armour_workshops;antq_armoured_retinue_drill;antq_scholarly_correspondence,pass
ALA,Alans,2,country,antq_sarmatian,antq_iranian_group,3,89,3,antq_scale_armour_workshops;antq_armoured_retinue_drill;antq_scholarly_correspondence,pass
KNG,Kangju,2,country,antq_sogdian,antq_iranian_group,3,89,3,antq_scale_armour_workshops;antq_armoured_retinue_drill;antq_scholarly_correspondence,pass
WSN,Wusun,2,country,antq_sogdian,antq_iranian_group,3,89,3,antq_scale_armour_workshops;antq_armoured_retinue_drill;antq_scholarly_correspondence,pass
DAY,Dayuan,2,country,antq_sogdian,antq_iranian_group,3,89,3,antq_scale_armour_workshops;antq_armoured_retinue_drill;antq_scholarly_correspondence,pass
SOG,Sogdian Cities,2,sop,antq_sogdian,antq_iranian_group,1,10,3,antq_remount_pasture_registers;antq_library_catalogues;antq_han_classics,pass
KHW,Khwarazm,2,country,antq_sogdian,antq_iranian_group,3,89,3,antq_scale_armour_workshops;antq_armoured_retinue_drill;antq_scholarly_correspondence,pass
XIA,Xianbei,2,country,antq_xiongnu,antq_steppe_group,3,89,3,antq_scale_armour_workshops;antq_armoured_retinue_drill;antq_scholarly_correspondence,pass
WHU,Wuhuan,2,country,antq_xiongnu,antq_steppe_group,3,89,3,antq_scale_armour_workshops;antq_armoured_retinue_drill;antq_scholarly_correspondence,pass
DNG,Dingling,2,sop,antq_dingling,antq_steppe_group,1,10,3,antq_remount_pasture_registers;antq_library_catalogues;antq_han_classics,pass
PYU,Pyu Cities,3,sop,antq_pyu,antq_southeast_asian_group,1,10,3,antq_religious_endowments;antq_veteran_settlement;antq_outrigger_kin_voyages,pass
MON,Mon Precursors,3,sop,antq_mon,antq_southeast_asian_group,1,10,3,antq_religious_endowments;antq_veteran_settlement;antq_outrigger_kin_voyages,pass
KHM,Proto-Khmer,3,sop,antq_khmer,antq_southeast_asian_group,1,10,3,antq_religious_endowments;antq_veteran_settlement;antq_outrigger_kin_voyages,pass
MAL,Malay Polities,3,sop,antq_malay,antq_austronesian_group,1,10,3,antq_religious_endowments;antq_veteran_settlement;antq_outrigger_kin_voyages,pass
JAV,Javanese Polities,3,sop,antq_javanese,antq_austronesian_group,1,10,3,antq_religious_endowments;antq_veteran_settlement;antq_outrigger_kin_voyages,pass
PHL,Philippine Societies,3,sop,antq_philippine,antq_austronesian_group,1,10,3,antq_religious_endowments;antq_veteran_settlement;antq_outrigger_kin_voyages,pass
BOR,Bornean Societies,3,sop,antq_bornean,antq_austronesian_group,1,10,3,antq_religious_endowments;antq_veteran_settlement;antq_outrigger_kin_voyages,pass
TON,Tonga-Samoa-Fiji,3,sop,antq_tongan,antq_oceanic_group,1,10,3,antq_religious_endowments;antq_veteran_settlement;antq_outrigger_kin_voyages,pass
TEO,Teotihuacan,3,country,antq_teotihuacano,antq_mesoamerican_group,2,52,2,antq_provincial_elites;antq_communal_field_schedules,pass
CUI,Cuicuilco,3,country,antq_teotihuacano,antq_mesoamerican_group,2,52,2,antq_provincial_elites;antq_communal_field_schedules,pass
MAY,Early Maya Polities,3,country,antq_teotihuacano,antq_mesoamerican_group,2,52,2,antq_provincial_elites;antq_communal_field_schedules,pass
ZAP,Monte Alban,3,country,antq_teotihuacano,antq_mesoamerican_group,2,52,2,antq_provincial_elites;antq_communal_field_schedules,pass
EPI,Epi-Olmec,3,sop,antq_mixe_zoquean,antq_mesoamerican_group,1,10,3,antq_urban_waterworks;antq_public_baths;antq_monumental_precinct_stewardship,pass
WMS,West Mexican Societies,3,sop,antq_purepecha_precursor,antq_mesoamerican_group,1,10,3,antq_urban_waterworks;antq_public_baths;antq_monumental_precinct_stewardship,pass
VIR,Gallinazo Communities,3,sop,antq_gallinazo,antq_andean_group,1,10,3,antq_urban_waterworks;antq_public_baths;antq_monumental_precinct_stewardship,pass
NAZ,Nazca,3,country,antq_nazca,antq_andean_group,2,52,2,antq_provincial_elites;antq_communal_field_schedules,pass
LIM,Lima Culture,3,sop,antq_andean_regional,antq_andean_group,1,10,3,antq_urban_waterworks;antq_public_baths;antq_monumental_precinct_stewardship,pass
REC,Recuay,3,country,antq_recuay,antq_andean_group,2,52,2,antq_provincial_elites;antq_communal_field_schedules,pass
TIW,Early Tiwanaku,3,country,antq_tiwanaku,antq_andean_group,2,52,2,antq_provincial_elites;antq_communal_field_schedules,pass
CHI,Chibchan Societies,3,sop,antq_chibchan,antq_andean_group,1,10,3,antq_urban_waterworks;antq_public_baths;antq_monumental_precinct_stewardship,pass
HOP,Hopewell Sphere,3,sop,antq_adena_woodland,antq_american_group,1,10,3,antq_urban_waterworks;antq_public_baths;antq_monumental_precinct_stewardship,pass
BSK,Basketmaker II,3,sop,antq_algonquian,antq_american_group,1,10,3,antq_urban_waterworks;antq_public_baths;antq_monumental_precinct_stewardship,pass
DOR,Dorset,3,sop,antq_inuit_dorset,antq_american_group,1,10,3,antq_urban_waterworks;antq_public_baths;antq_monumental_precinct_stewardship,pass
PLA,Plains and Coastal Societies,3,sop,antq_hopewellian,antq_american_group,1,10,3,antq_urban_waterworks;antq_public_baths;antq_monumental_precinct_stewardship,pass
PAC,Pacific Coast Societies,3,sop,antq_algonquian,antq_american_group,1,10,3,antq_urban_waterworks;antq_public_baths;antq_monumental_precinct_stewardship,pass
ARA,Arawak Societies,3,sop,antq_chibchan,antq_andean_group,1,10,3,antq_urban_waterworks;antq_public_baths;antq_monumental_precinct_stewardship,pass
TUP,Tupi Societies,3,sop,antq_tupi,antq_american_group,1,10,3,antq_urban_waterworks;antq_public_baths;antq_monumental_precinct_stewardship,pass
CAR,Carib Societies,3,sop,antq_carib,antq_american_group,1,10,3,antq_urban_waterworks;antq_public_baths;antq_monumental_precinct_stewardship,pass
CAU,Caucasian Highland Societies,3,sop,antq_kartvelian,antq_caucasian_group,1,10,3,antq_port_customs;antq_desert_waystations;antq_temple_city_almonries,pass
GER,Angrivarii,2,sop,antq_angrivarian,antq_germanic_group,1,10,3,antq_field_engineering;antq_frontier_patrols;antq_household_retinue_feasts,pass
OAS,Inner Asian Oasis Societies,3,sop,antq_sogdian,antq_iranian_group,1,10,3,antq_remount_pasture_registers;antq_library_catalogues;antq_han_classics,pass
KRS,Korean Peninsula Societies,3,sop,antq_korean,antq_korean_group,1,10,4,antq_legal_petitions;antq_municipal_charters;antq_bronze_cash_strings;antq_bamboo_slip_collation,pass
MNC,Manchurian Societies,3,sop,antq_yilou,antq_steppe_group,1,10,3,antq_remount_pasture_registers;antq_library_catalogues;antq_han_classics,pass
TIB,Tibetan Societies,3,sop,antq_tibeto_burman,antq_tibetan_group,1,10,4,antq_elephant_corps_stables;antq_caravan_accounting;antq_silk_exchange;antq_brahmi_scribal_schools,pass
BED,Chaulotaeans,2,sop,antq_arab,antq_semitic_group,1,10,3,antq_port_customs;antq_desert_waystations;antq_temple_city_almonries,pass
SIB,Tes-Tashtyk Transition,3,sop,antq_tes_tashtyk,antq_steppe_group,1,10,3,antq_remount_pasture_registers;antq_library_catalogues;antq_han_classics,pass
GNG,Gangetic Societies,3,sop,antq_indo_aryan,antq_indian_group,1,10,4,antq_elephant_corps_stables;antq_caravan_accounting;antq_silk_exchange;antq_brahmi_scribal_schools,pass
CIN,Central Indian Societies,3,sop,antq_indo_aryan,antq_indian_group,1,10,4,antq_elephant_corps_stables;antq_caravan_accounting;antq_silk_exchange;antq_brahmi_scribal_schools,pass
RJS,Rajasthan-Gujarat Societies,3,sop,antq_indo_aryan,antq_indian_group,1,10,4,antq_elephant_corps_stables;antq_caravan_accounting;antq_silk_exchange;antq_brahmi_scribal_schools,pass
SEA,Mainland Southeast Asian Societies,3,sop,antq_mon,antq_southeast_asian_group,1,10,3,antq_religious_endowments;antq_veteran_settlement;antq_outrigger_kin_voyages,pass
INS,Island Southeast Asian Societies,3,sop,antq_austronesian,antq_austronesian_group,1,10,3,antq_religious_endowments;antq_veteran_settlement;antq_outrigger_kin_voyages,pass
BER,Gaetuli,3,sop,antq_gaetulian,antq_berber_group,1,10,2,antq_meroitic_temple_stewardship;antq_garamantian_oasis_stages,pass
MUS,Musulamii,3,sop,antq_musulamian,antq_berber_group,1,10,2,antq_meroitic_temple_stewardship;antq_garamantian_oasis_stages,pass
MSS,Mesoamerican Societies,3,sop,antq_teotihuacano,antq_mesoamerican_group,1,10,3,antq_urban_waterworks;antq_public_baths;antq_monumental_precinct_stewardship,pass
AND,Andean Societies,3,sop,antq_andean_regional,antq_andean_group,1,10,3,antq_urban_waterworks;antq_public_baths;antq_monumental_precinct_stewardship,pass
MEL,Melanesian Societies,3,sop,antq_new_guinean,antq_oceanic_group,1,10,3,antq_religious_endowments;antq_veteran_settlement;antq_outrigger_kin_voyages,pass
MIC,Micronesian Societies,3,sop,antq_micronesian,antq_oceanic_group,1,10,3,antq_religious_endowments;antq_veteran_settlement;antq_outrigger_kin_voyages,pass
CHC,Chauci,3,sop,antq_chaucian,antq_germanic_group,1,10,3,antq_field_engineering;antq_frontier_patrols;antq_household_retinue_feasts,pass
CLC,Caulci,3,sop,antq_caulcian,antq_germanic_group,1,10,3,antq_field_engineering;antq_frontier_patrols;antq_household_retinue_feasts,pass
CPS,Campsiani,3,sop,antq_campsian,antq_germanic_group,1,10,3,antq_field_engineering;antq_frontier_patrols;antq_household_retinue_feasts,pass
VRN,Varini,3,sop,antq_varinian,antq_germanic_group,1,10,3,antq_field_engineering;antq_frontier_patrols;antq_household_retinue_feasts,pass
MUG,Mugilones,3,sop,antq_mugilonian,antq_germanic_group,1,10,3,antq_field_engineering;antq_frontier_patrols;antq_household_retinue_feasts,pass
SBN,Sibini,3,sop,antq_sibinian,antq_germanic_group,1,10,3,antq_field_engineering;antq_frontier_patrols;antq_household_retinue_feasts,pass
BRC,Bructeri,3,sop,antq_bructerian,antq_germanic_group,1,10,3,antq_field_engineering;antq_frontier_patrols;antq_household_retinue_feasts,pass
SGM,Sugambri,3,sop,antq_sugambrian,antq_germanic_group,1,10,3,antq_field_engineering;antq_frontier_patrols;antq_household_retinue_feasts,pass
CTU,Chattuarii,3,sop,antq_chattuarian,antq_germanic_group,1,10,3,antq_field_engineering;antq_frontier_patrols;antq_household_retinue_feasts,pass
GMB,Gamabrivii,3,sop,antq_gamabrivian,antq_germanic_group,1,10,3,antq_field_engineering;antq_frontier_patrols;antq_household_retinue_feasts,pass
CMB,Cimbri,3,sop,antq_cimbric,antq_germanic_group,1,10,3,antq_field_engineering;antq_frontier_patrols;antq_household_retinue_feasts,pass
RDN,Reudigni,3,sop,antq_reudignian,antq_germanic_group,1,10,3,antq_field_engineering;antq_frontier_patrols;antq_household_retinue_feasts,pass
AVN,Aviones,3,sop,antq_avionian,antq_germanic_group,1,10,3,antq_field_engineering;antq_frontier_patrols;antq_household_retinue_feasts,pass
SRD,Suardones,3,sop,antq_suardonian,antq_germanic_group,1,10,3,antq_field_engineering;antq_frontier_patrols;antq_household_retinue_feasts,pass
EUD,Eudoses,3,sop,antq_eudusian,antq_germanic_group,1,10,3,antq_field_engineering;antq_frontier_patrols;antq_household_retinue_feasts,pass
SIT,Sitones,3,sop,antq_sitonian,antq_germanic_group,1,10,3,antq_field_engineering;antq_frontier_patrols;antq_household_retinue_feasts,pass
SUE,Suebi,2,sop,antq_suebian,antq_germanic_group,1,10,3,antq_field_engineering;antq_frontier_patrols;antq_household_retinue_feasts,pass
NAR,Naristi,3,sop,antq_suebian,antq_germanic_group,1,10,3,antq_field_engineering;antq_frontier_patrols;antq_household_retinue_feasts,pass
LUG,Lugii,3,sop,antq_lugian,antq_germanic_group,1,10,3,antq_field_engineering;antq_frontier_patrols;antq_household_retinue_feasts,pass
NHR,Naharvali,3,sop,antq_naharvalian,antq_germanic_group,1,10,3,antq_field_engineering;antq_frontier_patrols;antq_household_retinue_feasts,pass
MSI,Marsigni,3,sop,antq_marsignian,antq_germanic_group,1,10,3,antq_field_engineering;antq_frontier_patrols;antq_household_retinue_feasts,pass
BUU,Buri,3,sop,antq_burian,antq_germanic_group,1,10,3,antq_field_engineering;antq_frontier_patrols;antq_household_retinue_feasts,pass
MIM,Manimi,3,sop,antq_manimian,antq_germanic_group,1,10,3,antq_field_engineering;antq_frontier_patrols;antq_household_retinue_feasts,pass
HLV,Helveconae,3,sop,antq_helveconan,antq_germanic_group,1,10,3,antq_field_engineering;antq_frontier_patrols;antq_household_retinue_feasts,pass
HRI,Harii,3,sop,antq_harian,antq_germanic_group,1,10,3,antq_field_engineering;antq_frontier_patrols;antq_household_retinue_feasts,pass
HLS,Helisii,3,sop,antq_helisian,antq_germanic_group,1,10,3,antq_field_engineering;antq_frontier_patrols;antq_household_retinue_feasts,pass
ZUM,Zumi,3,sop,antq_zumian,antq_germanic_group,1,10,3,antq_field_engineering;antq_frontier_patrols;antq_household_retinue_feasts,pass
PRZ,Greater-Poland Przeworsk Group,3,sop,antq_przeworsk,antq_germanic_group,1,10,3,antq_field_engineering;antq_frontier_patrols;antq_household_retinue_feasts,pass
LPR,Lesser-Poland Przeworsk Group,3,sop,antq_przeworsk,antq_germanic_group,1,10,3,antq_field_engineering;antq_frontier_patrols;antq_household_retinue_feasts,pass
ILM,Msta-Ilmen Late Dyakovo Horizon,3,sop,antq_late_dyakovo_north,antq_uralic_group,1,10,2,antq_seasonal_round_councils;antq_route_memory_specialists,pass
PLH,Pskov-Luga Striated Pottery Group,3,sop,antq_striated_pottery_north,antq_uralic_group,1,10,2,antq_seasonal_round_councils;antq_route_memory_specialists,pass
BLF,Beloe-Mologa Late Dyakovo Horizon,3,sop,antq_late_dyakovo_north,antq_uralic_group,1,10,2,antq_seasonal_round_councils;antq_route_memory_specialists,pass
MOK,Moskva-Oka Late Dyakovo Culture,3,sop,antq_late_dyakovo,antq_uralic_group,1,10,2,antq_seasonal_round_councils;antq_route_memory_specialists,pass
UVF,Nizhny-Novgorod Gorodets Group,3,sop,antq_gorodets,antq_uralic_group,1,10,2,antq_seasonal_round_councils;antq_route_memory_specialists,pass
UVD,Upper Volga Late Dyakovo Horizon,3,sop,antq_late_dyakovo,antq_uralic_group,1,10,2,antq_seasonal_round_councils;antq_route_memory_specialists,pass
KLY,Klyazma Late Dyakovo Horizon,3,sop,antq_late_dyakovo,antq_uralic_group,1,10,2,antq_seasonal_round_councils;antq_route_memory_specialists,pass
WHT,Late Kargopol Culture,3,sop,antq_late_kargopol,antq_uralic_group,1,10,2,antq_seasonal_round_councils;antq_route_memory_specialists,pass
MZN,Late Belomorye Culture,3,sop,antq_late_belomorye,antq_uralic_group,1,10,2,antq_seasonal_round_councils;antq_route_memory_specialists,pass
VYG,Pidzh Culture,3,sop,antq_pidzh,antq_uralic_group,1,10,2,antq_seasonal_round_councils;antq_route_memory_specialists,pass
MRV,Sura-Volga Gorodets Culture,3,sop,antq_gorodets,antq_uralic_group,1,10,2,antq_seasonal_round_councils;antq_route_memory_specialists,pass
TGD,Tsna-Upper Don Gorodets Horizon,3,sop,antq_gorodets,antq_uralic_group,1,10,2,antq_seasonal_round_councils;antq_route_memory_specialists,pass
SMD,Smolensk Dnieper-Dvina Group,3,sop,antq_dnieper_dvina,antq_slavic_group,1,10,2,antq_forest_ambush_routes;antq_riverside_hamlet_cooperation,pass
RZM,Oka-Moksha Gorodets Culture,3,sop,antq_gorodets,antq_uralic_group,1,10,2,antq_seasonal_round_councils;antq_route_memory_specialists,pass
BLR,Upper Dnieper-Dvina Culture,3,sop,antq_dnieper_dvina,antq_slavic_group,1,10,2,antq_forest_ambush_routes;antq_riverside_hamlet_cooperation,pass
NEM,Upper Neman Striated Pottery Group,3,sop,antq_striated_pottery_neman,antq_slavic_group,1,10,2,antq_forest_ambush_routes;antq_riverside_hamlet_cooperation,pass
ZRB,Zarubintsy Horizon,3,sop,antq_dnieper_venedi,antq_slavic_group,1,10,2,antq_forest_ambush_routes;antq_riverside_hamlet_cooperation,pass
PDL,Podolian Lipița Group,3,sop,antq_lipita,antq_balkan_group,1,10,6,antq_tax_registers;antq_road_milestones;antq_drill_routines;antq_supply_columns;antq_amphora_capacity_standards;antq_agrimensor_field_books,pass
RLG,Red-Ruthenian Lipița Group,3,sop,antq_lipita,antq_balkan_group,1,10,6,antq_tax_registers;antq_road_milestones;antq_drill_routines;antq_supply_columns;antq_amphora_capacity_standards;antq_agrimensor_field_books,pass
DNP,Desna Zarubintsy Group,3,sop,antq_zarubintsy,antq_slavic_group,1,10,2,antq_forest_ambush_routes;antq_riverside_hamlet_cooperation,pass
RBD,Right-Bank Zarubintsy Group,3,sop,antq_zarubintsy,antq_slavic_group,1,10,2,antq_forest_ambush_routes;antq_riverside_hamlet_cooperation,pass
LBD,Left-Bank Zarubintsy Group,3,sop,antq_zarubintsy,antq_slavic_group,1,10,2,antq_forest_ambush_routes;antq_riverside_hamlet_cooperation,pass
KRL,Ladoga Early Iron-Age Horizon,3,sop,antq_ladoga_iron_age,antq_uralic_group,1,10,2,antq_seasonal_round_councils;antq_route_memory_specialists,pass
PRM,Middle Kama Glyadenovo Culture,3,sop,antq_glyadenovo,antq_uralic_group,1,10,2,antq_seasonal_round_councils;antq_route_memory_specialists,pass
VYP,Vyatka Pyanobor Horizon,3,sop,antq_pyanobor,antq_uralic_group,1,10,2,antq_seasonal_round_councils;antq_route_memory_specialists,pass
VLF,Lower Kama Pyanobor Culture,3,sop,antq_pyanobor,antq_uralic_group,1,10,2,antq_seasonal_round_councils;antq_route_memory_specialists,pass
SUG,Kara-Abyz Culture,3,sop,antq_kara_abyz,antq_uralic_group,1,10,2,antq_seasonal_round_councils;antq_route_memory_specialists,pass
SMY,Dzhudzhydyag Culture,3,sop,antq_dzhudzhydyag,antq_uralic_group,1,10,2,antq_seasonal_round_councils;antq_route_memory_specialists,pass
SRG,Omsk-Ishim Sargat Culture,3,sop,antq_sargat,antq_uralic_group,1,10,2,antq_seasonal_round_councils;antq_route_memory_specialists,pass
AKL,Forest-Steppe Altai Kulay Group,3,sop,antq_altai_kulay,antq_uralic_group,1,10,2,antq_seasonal_round_councils;antq_route_memory_specialists,pass
ALT,Altai Xiongnu-Contact Horizon,3,sop,antq_altai_xiongnu_contact,antq_steppe_group,1,10,3,antq_remount_pasture_registers;antq_library_catalogues;antq_han_classics,pass
KUL,Kulay Horizon,3,sop,antq_kulay,antq_uralic_group,1,10,2,antq_seasonal_round_councils;antq_route_memory_specialists,pass
UGR,Lower Irtysh Kulay Horizon,3,sop,antq_kulay,antq_uralic_group,1,10,2,antq_seasonal_round_councils;antq_route_memory_specialists,pass
HOK,Hokuriku Wa Communities,3,sop,antq_wa,antq_japonic_group,1,10,4,antq_legal_petitions;antq_municipal_charters;antq_bronze_cash_strings;antq_bamboo_slip_collation,pass
SHK,Shikoku Wa Communities,3,sop,antq_wa,antq_japonic_group,1,10,4,antq_legal_petitions;antq_municipal_charters;antq_bronze_cash_strings;antq_bamboo_slip_collation,pass
OHW,Northern Honshu Communities,3,sop,antq_wa,antq_japonic_group,1,10,4,antq_legal_petitions;antq_municipal_charters;antq_bronze_cash_strings;antq_bamboo_slip_collation,pass
RYS,Ryukyu Shell-Midden Communities,3,sop,antq_ryukyu_shell_midden,antq_japonic_group,1,10,4,antq_legal_petitions;antq_municipal_charters;antq_bronze_cash_strings;antq_bamboo_slip_collation,pass
KYU,Northern Kyushu Wa Communities,3,sop,antq_wa,antq_japonic_group,1,10,4,antq_legal_petitions;antq_municipal_charters;antq_bronze_cash_strings;antq_bamboo_slip_collation,pass
IZM,Izumo Wa Communities,3,sop,antq_wa,antq_japonic_group,1,10,4,antq_legal_petitions;antq_municipal_charters;antq_bronze_cash_strings;antq_bamboo_slip_collation,pass
KBI,Kibi Wa Communities,3,sop,antq_wa,antq_japonic_group,1,10,4,antq_legal_petitions;antq_municipal_charters;antq_bronze_cash_strings;antq_bamboo_slip_collation,pass
TKW,Tokai Wa Communities,3,sop,antq_wa,antq_japonic_group,1,10,4,antq_legal_petitions;antq_municipal_charters;antq_bronze_cash_strings;antq_bamboo_slip_collation,pass
EHW,Eastern Honshu Communities,3,sop,antq_wa,antq_japonic_group,1,10,4,antq_legal_petitions;antq_municipal_charters;antq_bronze_cash_strings;antq_bamboo_slip_collation,pass
NOK,Late Nok Horizon,3,sop,antq_nok,antq_subsaharan_group,1,10,2,antq_meroitic_temple_stewardship;antq_garamantian_oasis_stages,pass
LCH,Lake Chad Basin Communities,3,sop,antq_chadic,antq_subsaharan_group,1,10,2,antq_meroitic_temple_stewardship;antq_garamantian_oasis_stages,pass
MNG,Middle Niger Communities,3,sop,antq_middle_niger,antq_subsaharan_group,1,10,2,antq_meroitic_temple_stewardship;antq_garamantian_oasis_stages,pass
WGD,Western Sahel Communities,3,sop,antq_western_sahel,antq_subsaharan_group,1,10,2,antq_meroitic_temple_stewardship;antq_garamantian_oasis_stages,pass
VLT,Volta Basin Communities,3,sop,antq_volta_basin,antq_subsaharan_group,1,10,2,antq_meroitic_temple_stewardship;antq_garamantian_oasis_stages,pass
SNG,Senegambian Communities,3,sop,antq_senegambian,antq_subsaharan_group,1,10,2,antq_meroitic_temple_stewardship;antq_garamantian_oasis_stages,pass
AKF,Akan Forest Communities,3,sop,antq_akan_forest,antq_subsaharan_group,1,10,2,antq_meroitic_temple_stewardship;antq_garamantian_oasis_stages,pass
LNC,Lower Niger Communities,3,sop,antq_lower_niger,antq_subsaharan_group,1,10,2,antq_meroitic_temple_stewardship;antq_garamantian_oasis_stages,pass
GUR,Gur Iron-Age Communities,3,sop,antq_gur,antq_subsaharan_group,1,10,2,antq_meroitic_temple_stewardship;antq_garamantian_oasis_stages,pass
MUP,Mande Upland Communities,3,sop,antq_mande,antq_subsaharan_group,1,10,2,antq_meroitic_temple_stewardship;antq_garamantian_oasis_stages,pass
AIR,Air Massif Communities,3,sop,antq_air_massif,antq_subsaharan_group,1,10,2,antq_meroitic_temple_stewardship;antq_garamantian_oasis_stages,pass
GTL,Gutae,2,sop,antq_germanic,antq_germanic_group,1,10,3,antq_field_engineering;antq_frontier_patrols;antq_household_retinue_feasts,pass
SKN,Chaedini,2,sop,antq_germanic,antq_germanic_group,1,10,3,antq_field_engineering;antq_frontier_patrols;antq_household_retinue_feasts,pass
SNR,Dauciones,2,sop,antq_germanic,antq_germanic_group,1,10,3,antq_field_engineering;antq_frontier_patrols;antq_household_retinue_feasts,pass
NNR,Hilleviones,2,sop,antq_germanic,antq_germanic_group,1,10,3,antq_field_engineering;antq_frontier_patrols;antq_household_retinue_feasts,pass
