design_tag,engine_tag,name,map_capital,location_count,former_cin_locations,culture,religion,government_type,reform,seeded_locations,placements,emblem,source,confidence
TND,XDN,Tondai-Kanchi Polity,kanchipuram,10,10,antq_tamil,antq_brahmanism,monarchy,antq_tamilakam_velir_court,3,7,ce_bow_arrow.dds,UNESCO-KANCHI;CAM-TAMIL-MERCHANTS;P8.4,contested
ATY,ATY,Atiyaman of Tagadur,dharmapuri,7,7,antq_tamil,antq_brahmanism,monarchy,antq_tamilakam_velir_court,3,7,ce_horse_salient.dds,JRAS-SATIYAPUTRA;CAM-TAMIL-MERCHANTS;P8.4,contested
UJJ,XGD,Ujjayini Urban Polity,ujjain,9,9,antq_avanti_prakrit,antq_brahmanism,monarchy,antq_central_indian_urban_kingship,3,7,ce_circle.dds,CAH-INDUS;JRAS-VEDISA;P8.4,contested
VDS,VDS,Vedisa Urban Polity,bhilsa,9,9,antq_avanti_prakrit,antq_brahmanism,monarchy,antq_central_indian_urban_kingship,3,6,ce_cartwheel.dds,JRAS-VEDISA;CAH-INDUS;P8.4,contested
CED,CED,Chedi Janapada,kalinjar,17,17,antq_chedi_prakrit,antq_brahmanism,monarchy,antq_central_indian_janapada,4,8,ce_elephant_asian.dds,CAH-INDUS;P8.4,contested
NVM,NVM,Narmada-Vindhya Megalithic Networks,mandla,18,18,antq_narmada_vindhya_megalithic,antq_central_indian_traditions,tribe,antq_central_indian_megalithic_network,4,9,ce_spiral.dds,CAM-CENTRAL-INDIA-MEGALITHS;P8.4,contested
BGL,XGE,Son-Vindhya Iron-Age Networks,rewa,11,11,antq_son_vindhya_iron_age,antq_central_indian_traditions,tribe,antq_central_indian_megalithic_network,3,6,ce_spear_head_random_small.dds,INFLIB-EARLY-HISTORIC;P8.4,contested
DKS,DKS,Dakshina Kosala,raipur,21,21,antq_upper_mahanadi,antq_brahmanism,monarchy,antq_upper_mahanadi_kingship,5,6,ce_elephant_asian.dds,INFLIB-DAKSHINA-KOSALA;P8.4,contested
BSR,BSR,Bastar Megalithic Networks,jagdalpur,9,9,antq_bastar_megalithic,antq_central_indian_traditions,tribe,antq_central_indian_megalithic_network,3,4,ce_stag.dds,INFLIB-EARLY-HISTORIC;P8.4,contested
MLD,MLD,Maldivian Atoll Networks,male_atoll,4,4,antq_maldivian_maritime,antq_brahmanism,tribe,antq_indian_ocean_atoll_network,2,3,ce_fishes_in_pale_shield.dds,CAM-MALDIVES;P8.4,contested
