design_tag,engine_tag,name,map_capital,location_count,culture,religion,government_type,reform,emblem,source,confidence
PRZ,XEC,Greater-Poland Przeworsk Group,gniezno,35,antq_przeworsk,antq_baltic_slavic,tribe,antq_tribal_kingdom,ce_spear_head_random_small.dds,UW-PRZEWORSK;P8.7,contested
LPR,LPR,Lesser-Poland Przeworsk Group,krakow,40,antq_przeworsk,antq_baltic_slavic,tribe,antq_tribal_kingdom,ce_horse_heads_addorsed.dds,UW-PRZEWORSK;PAN-LPR;P8.7,contested
ILM,ILM,Msta-Ilmen Late Dyakovo Horizon,borovichi,49,antq_late_dyakovo_north,antq_finnic,tribe,antq_tribal_kingdom,ce_deer_kneeling.dds,RA-DYAKOVO-UPPER;GERMANIA-NEVA,contested
PLH,PLH,Pskov-Luga Striated Pottery Group,pskov,51,antq_striated_pottery_north,antq_finnic,tribe,antq_tribal_kingdom,ce_spiral.dds,GERMANIA-NEVA,contested
BLF,BLF,Beloe-Mologa Late Dyakovo Horizon,beloozero,33,antq_late_dyakovo_north,antq_finnic,tribe,antq_tribal_kingdom,ce_fish_okeane.dds,RA-DYAKOVO-UPPER,contested
MOK,MOK,Moskva-Oka Late Dyakovo Culture,kaluga,59,antq_late_dyakovo,antq_finnic,tribe,antq_tribal_kingdom,ce_stag_head_shield.dds,RAS-DYAKOVO;RA-DYAKOVO-UPPER,contested
UVF,UVF,Nizhny-Novgorod Gorodets Group,gorodets,31,antq_gorodets,antq_finnic,tribe,antq_tribal_kingdom,ce_boar_passant_mane.dds,BSE-GORODETS,contested
UVD,UVD,Upper Volga Late Dyakovo Horizon,tver,47,antq_late_dyakovo,antq_finnic,tribe,antq_tribal_kingdom,ce_spiral_star_06.dds,RA-DYAKOVO-UPPER,contested
KLY,KLY,Klyazma Late Dyakovo Horizon,vladimir,31,antq_late_dyakovo,antq_finnic,tribe,antq_tribal_kingdom,ce_cartwheel.dds,RA-DYAKOVO-UPPER,contested
WHT,WHT,Late Kargopol Culture,kargopol,29,antq_late_kargopol,antq_finnic,tribe,antq_tribal_kingdom,ce_fish_okeane.dds,ENC-NEEU,contested
MZN,XFJ,Late Belomorye Culture,arkhangelsk,7,antq_late_belomorye,antq_finnic,tribe,antq_tribal_kingdom,ce_crescent_moon_02.dds,ENC-NEEU,contested
VYG,VYG,Pidzh Culture,yarensk,27,antq_pidzh,antq_finnic,tribe,antq_tribal_kingdom,ce_spiral.dds,ENC-NEEU,contested
MRV,XED,Sura-Volga Gorodets Culture,alatyr,43,antq_gorodets,antq_finnic,tribe,antq_tribal_kingdom,ce_boar_passant_mane.dds,BSE-GORODETS,contested
TGD,TGD,Tsna-Upper Don Gorodets Horizon,tambov,41,antq_gorodets,antq_finnic,tribe,antq_tribal_kingdom,ce_spear_head_random_small.dds,BSE-GORODETS,contested
SMD,XEE,Smolensk Dnieper-Dvina Group,smolensk,46,antq_dnieper_dvina,antq_baltic_slavic,tribe,antq_tribal_kingdom,ce_spiral_star_06.dds,AWE-DNIEPER-DVINA,contested
RZM,RZM,Oka-Moksha Gorodets Culture,ardatov,45,antq_gorodets,antq_finnic,tribe,antq_tribal_kingdom,ce_stag_head_shield.dds,BSE-GORODETS,contested
BLR,BLR,Upper Dnieper-Dvina Culture,minsk,56,antq_dnieper_dvina,antq_baltic_slavic,tribe,antq_tribal_kingdom,ce_cartwheel.dds,AWE-DNIEPER-DVINA,contested
NEM,XFK,Upper Neman Striated Pottery Group,grodno,39,antq_striated_pottery_neman,antq_baltic_slavic,tribe,antq_tribal_kingdom,ce_spiral.dds,LIT-NEMAN-STRIATED,contested
PDL,PDL,Podolian Lipița Group,kamianets_podilskyi,25,antq_lipita,antq_baltic_slavic,tribe,antq_tribal_kingdom,ce_horse_heads_addorsed.dds,AAC-LIPITA;P8.7,contested
RLG,RLG,Red-Ruthenian Lipița Group,lviv,36,antq_lipita,antq_baltic_slavic,tribe,antq_tribal_kingdom,ce_spiral_star_06.dds,AAC-LIPITA;P8.7,contested
DNP,DNP,Desna Zarubintsy Group,chernihiv,39,antq_zarubintsy,antq_baltic_slavic,tribe,antq_tribal_kingdom,ce_spear_head_random_small.dds,RAS-ZAR;P8.7,contested
RBD,RBD,Right-Bank Zarubintsy Group,kyiv,39,antq_zarubintsy,antq_baltic_slavic,tribe,antq_tribal_kingdom,ce_cartwheel.dds,RAS-ZAR;P8.7,contested
LBD,LBD,Left-Bank Zarubintsy Group,pereiaslav,23,antq_zarubintsy,antq_baltic_slavic,tribe,antq_tribal_kingdom,ce_boar_passant_mane.dds,RAS-ZAR;P8.7,contested
KRL,XEF,Ladoga Early Iron-Age Horizon,kizhi,22,antq_ladoga_iron_age,antq_finnic,tribe,antq_tribal_kingdom,ce_fish_okeane.dds,GERMANIA-NEVA,contested
PRM,XEG,Middle Kama Glyadenovo Culture,perm,36,antq_glyadenovo,antq_finnic,tribe,antq_tribal_kingdom,ce_spiral_star_06.dds,BSE-GLYADENOVO;PAR-PER,contested
VYP,VYP,Vyatka Pyanobor Horizon,vyatka,33,antq_pyanobor,antq_finnic,tribe,antq_tribal_kingdom,ce_deer_kneeling.dds,ENC-NEEU;PAR-PER,contested
VLF,VLF,Lower Kama Pyanobor Culture,bolghar,51,antq_pyanobor,antq_finnic,tribe,antq_tribal_kingdom,ce_spiral.dds,ENC-NEEU;PAR-PER,contested
SUG,SUG,Kara-Abyz Culture,beloretsk,26,antq_kara_abyz,antq_finnic,tribe,antq_tribal_kingdom,ce_horse_heads_addorsed.dds,AES-SOUTH-URAL,contested
SMY,SMY,Dzhudzhydyag Culture,ukhta,3,antq_dzhudzhydyag,antq_finnic,tribe,antq_tribal_kingdom,ce_crescent_moon_02.dds,ENC-NEEU,contested
SRG,XEH,Omsk-Ishim Sargat Culture,omsk,42,antq_sargat,antq_tengri,tribe,antq_tribal_kingdom,ce_horse_heads_addorsed.dds,RAS-SAR;RAS-SARGAT-CHRON;P8.8,contested
AKL,AKL,Forest-Steppe Altai Kulay Group,barnaul,21,antq_altai_kulay,antq_finnic,tribe,antq_tribal_kingdom,ce_deer_kneeling.dds,ASU-ALTAI-KULAY,contested
ALT,XFL,Altai Xiongnu-Contact Horizon,oskemen,25,antq_altai_xiongnu_contact,antq_tengri,tribe,antq_tribal_kingdom,ce_horse_heads_addorsed.dds,ACSS-ALTAI-XIONGNU,contested
KUL,KUL,Kulay Horizon,tomsk,19,antq_kulay,antq_finnic,tribe,antq_tribal_kingdom,ce_spiral_star_06.dds,TOM-KUL;P8.8,contested
UGR,UGR,Lower Irtysh Kulay Horizon,qashliq,24,antq_kulay,antq_finnic,tribe,antq_tribal_kingdom,ce_stag_head_shield.dds,TOM-KUL;BSE-UST-POLUY,contested
SIB,XDO,Tes-Tashtyk Transition,abakasnk,3,antq_tes_tashtyk,antq_tengri,tribe,antq_tribal_kingdom,ce_spiral.dds,FU-TASHTYK;P8.8,contested
