key,name,kind,status,age,category,sheet,quadrant,master,strip,texture,mask,dimensions,compression,resolver,source,confidence,note
antq_aestian_amber_road_guards,Aestian Amber-Road Guards,land,complete,age_1_traditions,army_light_infantry,assets_queue/generated/unit_icons/sheets/unit_sheet_15_germania_opening_depth.png,bottom_right,assets_queue/generated/unit_icons/masters/antq_aestian_amber_road_guards.png,assets_queue/generated/unit_icons/strips/army_light_infantry_antq_aestian_amber_road_guards_1080x440.png,main_menu/gfx/interface/illustrations/units/army_light_infantry_antq_aestian_amber_road_guards.dds,main_menu/gfx/interface/illustrations/units/masks/army_light_infantry_antq_aestian_amber_road_guards.dds,1080x440; 3x360x440 frames,DXT1 + full mip chain,[unit_category]_[unit_type] (direct priority 2),P8.7;P14;TAC-GER;PAN-WBB;VU-BRUSH,contested,A local escort adapter for plural Aestian shore and amber-route communities; it is not a unified state guard or reconstructed ethnic army.
antq_alamannic_confederate_host,Alamannic Confederate Host,land,complete,age_3_discovery,army_heavy_infantry,assets_queue/generated/unit_icons/sheets/unit_sheet_16_germania_late_confederations.png,top_right,assets_queue/generated/unit_icons/masters/antq_alamannic_confederate_host.png,assets_queue/generated/unit_icons/strips/army_heavy_infantry_antq_alamannic_confederate_host_1080x440.png,main_menu/gfx/interface/illustrations/units/army_heavy_infantry_antq_alamannic_confederate_host.dds,main_menu/gfx/interface/illustrations/units/masks/army_heavy_infantry_antq_alamannic_confederate_host.dds,1080x440; 3x360x440 frames,DXT1 + full mip chain,[unit_category]_[unit_type] (direct priority 2),P8.7;P14;OCD-ALE;CAH-XI,contested,A post-AD-213 upper-Rhine confederate-host adapter whose tag access represents possible constituent continuities rather than retrojecting Alemanni into AD 1.
antq_andean_balsa_patrol,Andean Balsa Patrol,navy,complete,age_1_traditions,navy_light_ship,assets_queue/generated/unit_icons/sheets/unit_sheet_27_andes_micronesia_navy.png,top_left,assets_queue/generated/unit_icons/masters/antq_andean_balsa_patrol.png,assets_queue/generated/unit_icons/strips/navy_light_ship_antq_andean_balsa_patrol_1080x440.png,main_menu/gfx/interface/illustrations/units/navy_light_ship_antq_andean_balsa_patrol.dds,main_menu/gfx/interface/illustrations/units/masks/navy_light_ship_antq_andean_balsa_patrol.dds,1080x440; 3x360x440 frames,DXT1 + full mip chain,[unit_category]_[unit_type] (direct priority 2),P8.10;P14;CAH-XI,contested,"A bounded Pacific balsa-raft patrol adapter for coastal Andean polities, not a reconstructed standardized state fleet."
antq_andean_balsa_transport,Andean Balsa Transport,navy,complete,age_1_traditions,navy_transport,assets_queue/generated/unit_icons/sheets/unit_sheet_27_andes_micronesia_navy.png,top_right,assets_queue/generated/unit_icons/masters/antq_andean_balsa_transport.png,assets_queue/generated/unit_icons/strips/navy_transport_antq_andean_balsa_transport_1080x440.png,main_menu/gfx/interface/illustrations/units/navy_transport_antq_andean_balsa_transport.dds,main_menu/gfx/interface/illustrations/units/masks/navy_transport_antq_andean_balsa_transport.dds,1080x440; 3x360x440 frames,DXT1 + full mip chain,[unit_category]_[unit_type] (direct priority 2),P8.10;P14;CAH-XI,contested,"A bounded Pacific balsa-raft carrier adapter for coastal Andean polities, not a reconstructed standardized state fleet."
antq_andean_sling_company,Andean Sling Company,land,complete,age_1_traditions,army_light_infantry,assets_queue/generated/unit_icons/sheets/unit_sheet_21_african_american_companies.png,bottom_right,assets_queue/generated/unit_icons/masters/antq_andean_sling_company.png,assets_queue/generated/unit_icons/strips/army_light_infantry_antq_andean_sling_company_1080x440.png,main_menu/gfx/interface/illustrations/units/army_light_infantry_antq_andean_sling_company.dds,main_menu/gfx/interface/illustrations/units/masks/army_light_infantry_antq_andean_sling_company.dds,1080x440; 3x360x440 frames,DXT1 + full mip chain,[unit_category]_[unit_type] (direct priority 2),P8.10;P14,contested,An Andean highland sling-service adapter without projecting later Inca state uniforms ranks or imperial recruitment systems.
antq_angrivarian_spear_following,Angrivarian Spear Following,land,complete,age_1_traditions,army_heavy_infantry,assets_queue/generated/unit_icons/sheets/unit_sheet_13_germania_baltic.png,top_left,assets_queue/generated/unit_icons/masters/antq_angrivarian_spear_following.png,assets_queue/generated/unit_icons/strips/army_heavy_infantry_antq_angrivarian_spear_following_1080x440.png,main_menu/gfx/interface/illustrations/units/army_heavy_infantry_antq_angrivarian_spear_following.dds,main_menu/gfx/interface/illustrations/units/masks/army_heavy_infantry_antq_angrivarian_spear_following.dds,1080x440; 3x360x440 frames,DXT1 + full mip chain,[unit_category]_[unit_type] (direct priority 2),P8.7;P14;TAC-ANN-II;TAC-GER,contested,Lower Weser and Elbe spear-following adapter for the bounded Angrivarian frame; it does not reconstruct a standardized formation equipment issue or permanent army.
antq_armenian_horse,Armenian Horse Company,land,complete,age_1_traditions,army_light_cavalry,assets_queue/generated/unit_icons/sheets/unit_sheet_09_eastern_specialists.png,bottom_right,assets_queue/generated/unit_icons/masters/antq_armenian_horse.png,assets_queue/generated/unit_icons/strips/army_light_cavalry_antq_armenian_horse_1080x440.png,main_menu/gfx/interface/illustrations/units/army_light_cavalry_antq_armenian_horse.dds,main_menu/gfx/interface/illustrations/units/masks/army_light_cavalry_antq_armenian_horse.dds,1080x440; 3x360x440 frames,DXT1 + full mip chain,[unit_category]_[unit_type] (direct priority 2),P14;CAH-XI,contested,Era Armenian mounted-company adapter without a named nakharar house or deployment claim
antq_austronesian_outrigger,Austronesian Outrigger,navy,complete,age_1_traditions,navy_transport,assets_queue/generated/unit_icons/sheets/unit_sheet_11_ocean_coastal.png,top_right,assets_queue/generated/unit_icons/masters/antq_austronesian_outrigger.png,assets_queue/generated/unit_icons/strips/navy_transport_antq_austronesian_outrigger_1080x440.png,main_menu/gfx/interface/illustrations/units/navy_transport_antq_austronesian_outrigger.dds,main_menu/gfx/interface/illustrations/units/masks/navy_transport_antq_austronesian_outrigger.dds,1080x440; 3x360x440 frames,DXT1 + full mip chain,[unit_category]_[unit_type] (direct priority 2),P14;CAH-XI,contested,Austronesian small-vessel adapter; no trans-Pacific discovery or oceanic class is implied
antq_auxilia,Auxilia,land,complete,age_1_traditions,army_light_infantry,assets_queue/generated/unit_icons/sheets/unit_sheet_01_roman_core.png,top_right,assets_queue/generated/unit_icons/masters/antq_auxilia.png,assets_queue/generated/unit_icons/strips/army_light_infantry_antq_auxilia_1080x440.png,main_menu/gfx/interface/illustrations/units/army_light_infantry_antq_auxilia.dds,main_menu/gfx/interface/illustrations/units/masks/army_light_infantry_antq_auxilia.dds,1080x440; 3x360x440 frames,DXT1 + full mip chain,[unit_category]_[unit_type] (direct priority 2),P14;CAH-XI,secure,Roman levy-analog with an explicitly non-mechanical citizenship-on-discharge flavor
antq_balearic_slingers,Balearic Slingers,land,complete,age_1_traditions,army_light_infantry,assets_queue/generated/unit_icons/sheets/unit_sheet_11_ocean_coastal.png,bottom_right,assets_queue/generated/unit_icons/masters/antq_balearic_slingers.png,assets_queue/generated/unit_icons/strips/army_light_infantry_antq_balearic_slingers_1080x440.png,main_menu/gfx/interface/illustrations/units/army_light_infantry_antq_balearic_slingers.dds,main_menu/gfx/interface/illustrations/units/masks/army_light_infantry_antq_balearic_slingers.dds,1080x440; 3x360x440 frames,DXT1 + full mip chain,[unit_category]_[unit_type] (direct priority 2),P14;CAH-XI,secure,Era mercenary company adapter; availability is not a claim of permanent island sovereignty
antq_baltic_forest_skirmishers,Baltic Forest Skirmishers,land,complete,age_1_traditions,army_light_infantry,assets_queue/generated/unit_icons/sheets/unit_sheet_13_germania_baltic.png,bottom_right,assets_queue/generated/unit_icons/masters/antq_baltic_forest_skirmishers.png,assets_queue/generated/unit_icons/strips/army_light_infantry_antq_baltic_forest_skirmishers_1080x440.png,main_menu/gfx/interface/illustrations/units/army_light_infantry_antq_baltic_forest_skirmishers.dds,main_menu/gfx/interface/illustrations/units/masks/army_light_infantry_antq_baltic_forest_skirmishers.dds,1080x440; 3x360x440 frames,DXT1 + full mip chain,[unit_category]_[unit_type] (direct priority 2),P8.7;P14;PAN-WBB;VU-BRUSH;LIT-WLSC;UT-TARAND,contested,Light-infantry terrain-role adapter across several distinct archaeological frames; it does not imply one Baltic identity formation or shared command.
antq_baltic_hillfort_spearmen,Baltic Hillfort Spearmen,land,complete,age_1_traditions,army_heavy_infantry,assets_queue/generated/unit_icons/sheets/unit_sheet_13_germania_baltic.png,bottom_left,assets_queue/generated/unit_icons/masters/antq_baltic_hillfort_spearmen.png,assets_queue/generated/unit_icons/strips/army_heavy_infantry_antq_baltic_hillfort_spearmen_1080x440.png,main_menu/gfx/interface/illustrations/units/army_heavy_infantry_antq_baltic_hillfort_spearmen.dds,main_menu/gfx/interface/illustrations/units/masks/army_heavy_infantry_antq_baltic_hillfort_spearmen.dds,1080x440; 3x360x440 frames,DXT1 + full mip chain,[unit_category]_[unit_type] (direct priority 2),P8.7;P14;VU-BRUSH;LIT-WLSC,contested,Household spear levy tied to defended settlement systems; archaeological distributions do not establish one Baltic army ethnic doctrine or permanent hillfort garrison.
antq_baltic_sewn_plank_patrol,Baltic Sewn-Plank Patrol,navy,complete,age_1_traditions,navy_light_ship,assets_queue/generated/unit_icons/sheets/unit_sheet_23_north_sea_baltic_navy.png,bottom_left,assets_queue/generated/unit_icons/masters/antq_baltic_sewn_plank_patrol.png,assets_queue/generated/unit_icons/strips/navy_light_ship_antq_baltic_sewn_plank_patrol_1080x440.png,main_menu/gfx/interface/illustrations/units/navy_light_ship_antq_baltic_sewn_plank_patrol.dds,main_menu/gfx/interface/illustrations/units/masks/navy_light_ship_antq_baltic_sewn_plank_patrol.dds,1080x440; 3x360x440 frames,DXT1 + full mip chain,[unit_category]_[unit_type] (direct priority 2),P8.7;P14;CAH-XI;VU-BRUSH,contested,"A bounded sewn-plank Baltic patrol adapter for the Aestian coast, not a reconstructed standardized state fleet."
antq_baltic_sewn_plank_transport,Baltic Sewn-Plank Transport,navy,complete,age_1_traditions,navy_transport,assets_queue/generated/unit_icons/sheets/unit_sheet_23_north_sea_baltic_navy.png,bottom_right,assets_queue/generated/unit_icons/masters/antq_baltic_sewn_plank_transport.png,assets_queue/generated/unit_icons/strips/navy_transport_antq_baltic_sewn_plank_transport_1080x440.png,main_menu/gfx/interface/illustrations/units/navy_transport_antq_baltic_sewn_plank_transport.dds,main_menu/gfx/interface/illustrations/units/masks/navy_transport_antq_baltic_sewn_plank_transport.dds,1080x440; 3x360x440 frames,DXT1 + full mip chain,[unit_category]_[unit_type] (direct priority 2),P8.7;P14;CAH-XI;VU-BRUSH,contested,"A bounded sewn-plank Baltic carrier adapter for the Aestian coast, not a reconstructed standardized state fleet."
antq_batavian_auxiliary_cohort,Batavian Auxiliary Cohort,land,complete,age_1_traditions,army_heavy_infantry,assets_queue/generated/unit_icons/sheets/unit_sheet_15_germania_opening_depth.png,top_right,assets_queue/generated/unit_icons/masters/antq_batavian_auxiliary_cohort.png,assets_queue/generated/unit_icons/strips/army_heavy_infantry_antq_batavian_auxiliary_cohort_1080x440.png,main_menu/gfx/interface/illustrations/units/army_heavy_infantry_antq_batavian_auxiliary_cohort.dds,main_menu/gfx/interface/illustrations/units/masks/army_heavy_infantry_antq_batavian_auxiliary_cohort.dds,1080x440; 3x360x440 frames,DXT1 + full mip chain,[unit_category]_[unit_type] (direct priority 2),P8.7;P14;TAC-BAT;CAH-XI,contested,"A bounded lower-Rhine auxiliary-service adapter without naming a permanent cohort, exact establishment, ethnic monopoly, or AD 1 deployment."
antq_bow_infantry,Bow Infantry,land,complete,age_1_traditions,army_light_infantry,assets_queue/generated/unit_icons/sheets/unit_sheet_18_universal_ancient_floor.png,bottom_left,assets_queue/generated/unit_icons/masters/antq_bow_infantry.png,assets_queue/generated/unit_icons/strips/army_light_infantry_antq_bow_infantry_1080x440.png,main_menu/gfx/interface/illustrations/units/army_light_infantry_antq_bow_infantry.dds,main_menu/gfx/interface/illustrations/units/masks/army_light_infantry_antq_bow_infantry.dds,1080x440; 3x360x440 frames,DXT1 + full mip chain,[unit_category]_[unit_type] (direct priority 2),P14;CAH-XI,secure,A conservative self-bow infantry floor available across the roster; composite bows and famous regional archers remain separate specialists.
antq_british_chariots,British Chariots,land,complete,age_1_traditions,army_light_cavalry,assets_queue/generated/unit_icons/sheets/unit_sheet_08_africa_arabia_britain.png,bottom_left,assets_queue/generated/unit_icons/masters/antq_british_chariots.png,assets_queue/generated/unit_icons/strips/army_light_cavalry_antq_british_chariots_1080x440.png,main_menu/gfx/interface/illustrations/units/army_light_cavalry_antq_british_chariots.dds,main_menu/gfx/interface/illustrations/units/masks/army_light_cavalry_antq_british_chariots.dds,1080x440; 3x360x440 frames,DXT1 + full mip chain,[unit_category]_[unit_type] (direct priority 2),P14;CAH-XI;PTO-GEO-II2,contested,Obsolescent southern and western British chariot adapter rather than an assertion that every AD 1 community fielded the same force.
antq_british_coastal_warboat,British Coastal Warboat,navy,complete,age_1_traditions,navy_light_ship,assets_queue/generated/unit_icons/sheets/unit_sheet_22_britain_hibernia_navy.png,top_left,assets_queue/generated/unit_icons/masters/antq_british_coastal_warboat.png,assets_queue/generated/unit_icons/strips/navy_light_ship_antq_british_coastal_warboat_1080x440.png,main_menu/gfx/interface/illustrations/units/navy_light_ship_antq_british_coastal_warboat.dds,main_menu/gfx/interface/illustrations/units/masks/navy_light_ship_antq_british_coastal_warboat.dds,1080x440; 3x360x440 frames,DXT1 + full mip chain,[unit_category]_[unit_type] (direct priority 2),P8.7;P14;CAH-XI,contested,"A bounded coastal patrol adapter for British harbor polities, not a reconstructed standardized state fleet."
antq_british_hide_transport,British Hide Transport,navy,complete,age_1_traditions,navy_transport,assets_queue/generated/unit_icons/sheets/unit_sheet_22_britain_hibernia_navy.png,top_right,assets_queue/generated/unit_icons/masters/antq_british_hide_transport.png,assets_queue/generated/unit_icons/strips/navy_transport_antq_british_hide_transport_1080x440.png,main_menu/gfx/interface/illustrations/units/navy_transport_antq_british_hide_transport.dds,main_menu/gfx/interface/illustrations/units/masks/navy_transport_antq_british_hide_transport.dds,1080x440; 3x360x440 frames,DXT1 + full mip chain,[unit_category]_[unit_type] (direct priority 2),P8.7;P14;CAH-XI,contested,"A bounded hide-covered coastal carrier for British harbor polities, not a reconstructed standardized state fleet."
antq_british_hillfort_spearmen,British Hillfort Spearmen,land,complete,age_1_traditions,army_heavy_infantry,assets_queue/generated/unit_icons/sheets/unit_sheet_12_britain_hibernia.png,top_left,assets_queue/generated/unit_icons/masters/antq_british_hillfort_spearmen.png,assets_queue/generated/unit_icons/strips/army_heavy_infantry_antq_british_hillfort_spearmen_1080x440.png,main_menu/gfx/interface/illustrations/units/army_heavy_infantry_antq_british_hillfort_spearmen.dds,main_menu/gfx/interface/illustrations/units/masks/army_heavy_infantry_antq_british_hillfort_spearmen.dds,1080x440; 3x360x440 frames,DXT1 + full mip chain,[unit_category]_[unit_type] (direct priority 2),P8.7;P14;HE-HILLFORT;CAH-XI,contested,Regional spear-and-shield levy adapter tied to defended gathering places without claiming a uniform British formation garrison or equipment issue.
antq_byeonhan_cargo_ferry,East Asian Cargo Ferry,navy,complete,age_1_traditions,navy_transport,assets_queue/generated/unit_icons/sheets/unit_sheet_25_korean_philippine_navy.png,top_right,assets_queue/generated/unit_icons/masters/antq_byeonhan_cargo_ferry.png,assets_queue/generated/unit_icons/strips/navy_transport_antq_byeonhan_cargo_ferry_1080x440.png,main_menu/gfx/interface/illustrations/units/navy_transport_antq_byeonhan_cargo_ferry.dds,main_menu/gfx/interface/illustrations/units/masks/navy_transport_antq_byeonhan_cargo_ferry.dds,1080x440; 3x360x440 frames,DXT1 + full mip chain,[unit_category]_[unit_type] (direct priority 2),P8.3;P14;CAH-XI,contested,"A bounded East Asian coastal carrier adapter, not a reconstructed standardized state fleet."
antq_byeonhan_coastal_patrol,East Asian Coastal Patrol,navy,complete,age_1_traditions,navy_light_ship,assets_queue/generated/unit_icons/sheets/unit_sheet_25_korean_philippine_navy.png,top_left,assets_queue/generated/unit_icons/masters/antq_byeonhan_coastal_patrol.png,assets_queue/generated/unit_icons/strips/navy_light_ship_antq_byeonhan_coastal_patrol_1080x440.png,main_menu/gfx/interface/illustrations/units/navy_light_ship_antq_byeonhan_coastal_patrol.dds,main_menu/gfx/interface/illustrations/units/masks/navy_light_ship_antq_byeonhan_coastal_patrol.dds,1080x440; 3x360x440 frames,DXT1 + full mip chain,[unit_category]_[unit_type] (direct priority 2),P8.3;P14;CAH-XI,contested,"A bounded East Asian coastal patrol adapter, not a reconstructed standardized state fleet."
antq_californian_coastal_canoe_patrol,Californian Coastal Canoe Patrol,navy,complete,age_1_traditions,navy_light_ship,assets_queue/generated/unit_icons/sheets/unit_sheet_28_caribbean_california_navy.png,bottom_left,assets_queue/generated/unit_icons/masters/antq_californian_coastal_canoe_patrol.png,assets_queue/generated/unit_icons/strips/navy_light_ship_antq_californian_coastal_canoe_patrol_1080x440.png,main_menu/gfx/interface/illustrations/units/navy_light_ship_antq_californian_coastal_canoe_patrol.dds,main_menu/gfx/interface/illustrations/units/masks/navy_light_ship_antq_californian_coastal_canoe_patrol.dds,1080x440; 3x360x440 frames,DXT1 + full mip chain,[unit_category]_[unit_type] (direct priority 2),P8.10;P14;CAH-XI;NOAA-MONTEREY,contested,"A bounded central Californian coastal patrol adapter, not a reconstructed standardized state fleet."
antq_californian_tule_transport,Californian Tule Transport,navy,complete,age_1_traditions,navy_transport,assets_queue/generated/unit_icons/sheets/unit_sheet_28_caribbean_california_navy.png,bottom_right,assets_queue/generated/unit_icons/masters/antq_californian_tule_transport.png,assets_queue/generated/unit_icons/strips/navy_transport_antq_californian_tule_transport_1080x440.png,main_menu/gfx/interface/illustrations/units/navy_transport_antq_californian_tule_transport.dds,main_menu/gfx/interface/illustrations/units/masks/navy_transport_antq_californian_tule_transport.dds,1080x440; 3x360x440 frames,DXT1 + full mip chain,[unit_category]_[unit_type] (direct priority 2),P8.10;P14;CAH-XI;NOAA-MONTEREY,contested,"A bounded central Californian tule carrier adapter, not a reconstructed standardized state fleet."
antq_camelry,Camelry,land,complete,age_1_traditions,army_light_cavalry,assets_queue/generated/unit_icons/sheets/unit_sheet_08_africa_arabia_britain.png,top_right,assets_queue/generated/unit_icons/masters/antq_camelry.png,assets_queue/generated/unit_icons/strips/army_light_cavalry_antq_camelry_1080x440.png,main_menu/gfx/interface/illustrations/units/army_light_cavalry_antq_camelry.dds,main_menu/gfx/interface/illustrations/units/masks/army_light_cavalry_antq_camelry.dds,1080x440; 3x360x440 frames,DXT1 + full mip chain,[unit_category]_[unit_type] (direct priority 2),P14;CAH-XI,contested,Arabian camel-mounted adapter with intentionally broad regional availability
antq_caravan_guard_company,Caravan Guard Company,land,complete,age_1_traditions,army_light_infantry,assets_queue/generated/unit_icons/sheets/unit_sheet_19_levy_mercenary_floor.png,bottom_right,assets_queue/generated/unit_icons/masters/antq_caravan_guard_company.png,assets_queue/generated/unit_icons/strips/army_light_infantry_antq_caravan_guard_company_1080x440.png,main_menu/gfx/interface/illustrations/units/army_light_infantry_antq_caravan_guard_company.dds,main_menu/gfx/interface/illustrations/units/masks/army_light_infantry_antq_caravan_guard_company.dds,1080x440; 3x360x440 frames,DXT1 + full mip chain,[unit_category]_[unit_type] (direct priority 2),P8.1;P8.2;P8.4;P8.5;P14;PER,contested,A portable route-guard company role for paid escorts and armed brokers; local specialists and regional equipment remain represented by other companies.
antq_caribbean_dugout_patrol,American Dugout Patrol,navy,complete,age_1_traditions,navy_light_ship,assets_queue/generated/unit_icons/sheets/unit_sheet_28_caribbean_california_navy.png,top_left,assets_queue/generated/unit_icons/masters/antq_caribbean_dugout_patrol.png,assets_queue/generated/unit_icons/strips/navy_light_ship_antq_caribbean_dugout_patrol_1080x440.png,main_menu/gfx/interface/illustrations/units/navy_light_ship_antq_caribbean_dugout_patrol.dds,main_menu/gfx/interface/illustrations/units/masks/navy_light_ship_antq_caribbean_dugout_patrol.dds,1080x440; 3x360x440 frames,DXT1 + full mip chain,[unit_category]_[unit_type] (direct priority 2),P8.10;P14;CAH-XI,contested,"A bounded American river and coastal dugout patrol adapter, not a reconstructed standardized state fleet."
antq_caribbean_dugout_transport,American Dugout Transport,navy,complete,age_1_traditions,navy_transport,assets_queue/generated/unit_icons/sheets/unit_sheet_28_caribbean_california_navy.png,top_right,assets_queue/generated/unit_icons/masters/antq_caribbean_dugout_transport.png,assets_queue/generated/unit_icons/strips/navy_transport_antq_caribbean_dugout_transport_1080x440.png,main_menu/gfx/interface/illustrations/units/navy_transport_antq_caribbean_dugout_transport.dds,main_menu/gfx/interface/illustrations/units/masks/navy_transport_antq_caribbean_dugout_transport.dds,1080x440; 3x360x440 frames,DXT1 + full mip chain,[unit_category]_[unit_type] (direct priority 2),P8.10;P14;CAH-XI,contested,"A bounded American river and coastal dugout carrier adapter, not a reconstructed standardized state fleet."
antq_caspian_oared_boat,Caspian Oared Boat,navy,complete,age_1_traditions,navy_galley,assets_queue/generated/unit_icons/sheets/unit_sheet_17_arsacid_watercraft.png,bottom_right,assets_queue/generated/unit_icons/masters/antq_caspian_oared_boat.png,assets_queue/generated/unit_icons/strips/navy_galley_antq_caspian_oared_boat_1080x440.png,main_menu/gfx/interface/illustrations/units/navy_galley_antq_caspian_oared_boat.dds,main_menu/gfx/interface/illustrations/units/masks/navy_galley_antq_caspian_oared_boat.dds,1080x440; 3x360x440 frames,DXT1 + full mip chain,[unit_category]_[unit_type] (direct priority 2),P8.2;P14;PER;CAH-XI,contested,"A compact oared coastal craft for Caspian shore movement and local patrol, not a Mediterranean trireme or a reconstructed royal squadron."
antq_cataphracts,Cataphracts,land,complete,age_1_traditions,army_heavy_cavalry,assets_queue/generated/unit_icons/sheets/unit_sheet_07_iranian_steppe.png,top_left,assets_queue/generated/unit_icons/masters/antq_cataphracts.png,assets_queue/generated/unit_icons/strips/army_heavy_cavalry_antq_cataphracts_1080x440.png,main_menu/gfx/interface/illustrations/units/army_heavy_cavalry_antq_cataphracts.dds,main_menu/gfx/interface/illustrations/units/masks/army_heavy_cavalry_antq_cataphracts.dds,1080x440; 3x360x440 frames,DXT1 + full mip chain,[unit_category]_[unit_type] (direct priority 2),P14;CAH-XI,secure,Iranian and Sarmatian heavy-lancer adapter; Roman adoption remains a later advance-era outcome
antq_cilician_marines,Cilician Marine Company,land,complete,age_1_traditions,army_light_infantry,assets_queue/generated/unit_icons/sheets/unit_sheet_11_ocean_coastal.png,bottom_left,assets_queue/generated/unit_icons/masters/antq_cilician_marines.png,assets_queue/generated/unit_icons/strips/army_light_infantry_antq_cilician_marines_1080x440.png,main_menu/gfx/interface/illustrations/units/army_light_infantry_antq_cilician_marines.dds,main_menu/gfx/interface/illustrations/units/masks/army_light_infantry_antq_cilician_marines.dds,1080x440; 3x360x440 frames,DXT1 + full mip chain,[unit_category]_[unit_type] (direct priority 2),P14;CAH-XI,contested,Era coastal marine-company adapter without a pirate fleet or named contract claim
antq_coastal_watch_craft,Coastal Watch Craft,navy,complete,age_1_traditions,navy_light_ship,assets_queue/generated/unit_icons/sheets/unit_sheet_29_capability_ladder.png,bottom_left,assets_queue/generated/unit_icons/masters/antq_coastal_watch_craft.png,assets_queue/generated/unit_icons/strips/navy_light_ship_antq_coastal_watch_craft_1080x440.png,main_menu/gfx/interface/illustrations/units/navy_light_ship_antq_coastal_watch_craft.dds,main_menu/gfx/interface/illustrations/units/masks/navy_light_ship_antq_coastal_watch_craft.dds,1080x440; 3x360x440 frames,DXT1 + full mip chain,[unit_category]_[unit_type] (direct priority 2),P14;CAH-XI,contested,Regularly mustered harbor craft able to escort and patrol a home littoral but not to sustain a state battle fleet.
antq_comitatenses,Comitatenses,land,complete,age_4_reformation,army_heavy_infantry,assets_queue/generated/unit_icons/sheets/unit_sheet_02_roman_specialists.png,bottom_left,assets_queue/generated/unit_icons/masters/antq_comitatenses.png,assets_queue/generated/unit_icons/strips/army_heavy_infantry_antq_comitatenses_1080x440.png,main_menu/gfx/interface/illustrations/units/army_heavy_infantry_antq_comitatenses.dds,main_menu/gfx/interface/illustrations/units/masks/army_heavy_infantry_antq_comitatenses.dds,1080x440; 3x360x440 frames,DXT1 + full mip chain,[unit_category]_[unit_type] (direct priority 2),P14;NOTITIA,contested,Late Roman mobile-field-army adapter reserved for the Dominate age
antq_cretan_archers,Cretan Archers,land,complete,age_1_traditions,army_light_infantry,assets_queue/generated/unit_icons/sheets/unit_sheet_03_hellenistic.png,bottom_left,assets_queue/generated/unit_icons/masters/antq_cretan_archers.png,assets_queue/generated/unit_icons/strips/army_light_infantry_antq_cretan_archers_1080x440.png,main_menu/gfx/interface/illustrations/units/army_light_infantry_antq_cretan_archers.dds,main_menu/gfx/interface/illustrations/units/masks/army_light_infantry_antq_cretan_archers.dds,1080x440; 3x360x440 frames,DXT1 + full mip chain,[unit_category]_[unit_type] (direct priority 2),P14;CAH-XI,secure,Era mercenary company adapter for Hellenic military labor markets
antq_dacian_falxmen,Dacian Falxmen,land,complete,age_1_traditions,army_heavy_infantry,assets_queue/generated/unit_icons/sheets/unit_sheet_05_western_mercenaries.png,bottom_right,assets_queue/generated/unit_icons/masters/antq_dacian_falxmen.png,assets_queue/generated/unit_icons/strips/army_heavy_infantry_antq_dacian_falxmen_1080x440.png,main_menu/gfx/interface/illustrations/units/army_heavy_infantry_antq_dacian_falxmen.dds,main_menu/gfx/interface/illustrations/units/masks/army_heavy_infantry_antq_dacian_falxmen.dds,1080x440; 3x360x440 frames,DXT1 + full mip chain,[unit_category]_[unit_type] (direct priority 2),P14;CAH-XI,contested,Era Dacian weapon-role company adapter without a named royal or tribal contingent
antq_deccan_spear_company,Deccan Spear Company,land,complete,age_1_traditions,army_heavy_infantry,assets_queue/generated/unit_icons/sheets/unit_sheet_20_han_indian_companies.png,bottom_right,assets_queue/generated/unit_icons/masters/antq_deccan_spear_company.png,assets_queue/generated/unit_icons/strips/army_heavy_infantry_antq_deccan_spear_company_1080x440.png,main_menu/gfx/interface/illustrations/units/army_heavy_infantry_antq_deccan_spear_company.dds,main_menu/gfx/interface/illustrations/units/masks/army_heavy_infantry_antq_deccan_spear_company.dds,1080x440; 3x360x440 frames,DXT1 + full mip chain,[unit_category]_[unit_type] (direct priority 2),P8.4;P14;CAH-XI,contested,A conservative spear-and-shield company adapter for peninsular and inland service without asserting one Deccan-wide military institution.
antq_district_spear_muster,District Spear Muster,land,complete,age_1_traditions,army_heavy_infantry,assets_queue/generated/unit_icons/sheets/unit_sheet_19_levy_mercenary_floor.png,top_left,assets_queue/generated/unit_icons/masters/antq_district_spear_muster.png,assets_queue/generated/unit_icons/strips/army_heavy_infantry_antq_district_spear_muster_1080x440.png,main_menu/gfx/interface/illustrations/units/army_heavy_infantry_antq_district_spear_muster.dds,main_menu/gfx/interface/illustrations/units/masks/army_heavy_infantry_antq_district_spear_muster.dds,1080x440; 3x360x440 frames,DXT1 + full mip chain,[unit_category]_[unit_type] (direct priority 2),P14;CAH-XI,contested,A universal levy floor for locality-based spear musters; the district label is mechanical and does not impose Roman territorial administration.
antq_finnic_coastal_dugout_patrol,Finnic Coastal Dugout Patrol,navy,complete,age_1_traditions,navy_light_ship,assets_queue/generated/unit_icons/sheets/unit_sheet_24_finnic_pontic_navy.png,top_left,assets_queue/generated/unit_icons/masters/antq_finnic_coastal_dugout_patrol.png,assets_queue/generated/unit_icons/strips/navy_light_ship_antq_finnic_coastal_dugout_patrol_1080x440.png,main_menu/gfx/interface/illustrations/units/navy_light_ship_antq_finnic_coastal_dugout_patrol.dds,main_menu/gfx/interface/illustrations/units/masks/navy_light_ship_antq_finnic_coastal_dugout_patrol.dds,1080x440; 3x360x440 frames,DXT1 + full mip chain,[unit_category]_[unit_type] (direct priority 2),P8.7;P14;CAH-XI,contested,"A bounded archipelago and coastal patrol adapter for Finnic harbor communities, not a reconstructed standardized state fleet."
antq_finnic_coastal_transport,Finnic Coastal Transport,navy,complete,age_1_traditions,navy_transport,assets_queue/generated/unit_icons/sheets/unit_sheet_24_finnic_pontic_navy.png,top_right,assets_queue/generated/unit_icons/masters/antq_finnic_coastal_transport.png,assets_queue/generated/unit_icons/strips/navy_transport_antq_finnic_coastal_transport_1080x440.png,main_menu/gfx/interface/illustrations/units/navy_transport_antq_finnic_coastal_transport.dds,main_menu/gfx/interface/illustrations/units/masks/navy_transport_antq_finnic_coastal_transport.dds,1080x440; 3x360x440 frames,DXT1 + full mip chain,[unit_category]_[unit_type] (direct priority 2),P8.7;P14;CAH-XI,contested,"A bounded archipelago and coastal carrier adapter for Finnic harbor communities, not a reconstructed standardized state fleet."
antq_frankish_rhine_warband,Frankish Rhine Warband,land,complete,age_3_discovery,army_heavy_infantry,assets_queue/generated/unit_icons/sheets/unit_sheet_16_germania_late_confederations.png,bottom_left,assets_queue/generated/unit_icons/masters/antq_frankish_rhine_warband.png,assets_queue/generated/unit_icons/strips/army_heavy_infantry_antq_frankish_rhine_warband_1080x440.png,main_menu/gfx/interface/illustrations/units/army_heavy_infantry_antq_frankish_rhine_warband.dds,main_menu/gfx/interface/illustrations/units/masks/army_heavy_infantry_antq_frankish_rhine_warband.dds,1080x440; 3x360x440 frames,DXT1 + full mip chain,[unit_category]_[unit_type] (direct priority 2),P8.7;P14;CAM-FRK;CAH-XI,contested,"A post-AD-250 lower-Rhine confederate-warband adapter without treating earlier Batavian, Frisian, Cheruscan, or Chattian polities as already Frankish."
antq_frontier_spear_company,Frontier Spear Company,land,complete,age_1_traditions,army_heavy_infantry,assets_queue/generated/unit_icons/sheets/unit_sheet_19_levy_mercenary_floor.png,bottom_left,assets_queue/generated/unit_icons/masters/antq_frontier_spear_company.png,assets_queue/generated/unit_icons/strips/army_heavy_infantry_antq_frontier_spear_company_1080x440.png,main_menu/gfx/interface/illustrations/units/army_heavy_infantry_antq_frontier_spear_company.dds,main_menu/gfx/interface/illustrations/units/masks/army_heavy_infantry_antq_frontier_spear_company.dds,1080x440; 3x360x440 frames,DXT1 + full mip chain,[unit_category]_[unit_type] (direct priority 2),P14;CAH-XI,contested,A portable paid spear-company role representing military labor markets without inventing a named permanent regiment.
antq_galatian_swordsmen,Galatian Swordsmen,land,complete,age_1_traditions,army_heavy_infantry,assets_queue/generated/unit_icons/sheets/unit_sheet_05_western_mercenaries.png,top_right,assets_queue/generated/unit_icons/masters/antq_galatian_swordsmen.png,assets_queue/generated/unit_icons/strips/army_heavy_infantry_antq_galatian_swordsmen_1080x440.png,main_menu/gfx/interface/illustrations/units/army_heavy_infantry_antq_galatian_swordsmen.dds,main_menu/gfx/interface/illustrations/units/masks/army_heavy_infantry_antq_galatian_swordsmen.dds,1080x440; 3x360x440 frames,DXT1 + full mip chain,[unit_category]_[unit_type] (direct priority 2),P14;CAH-XI,contested,Era mercenary-company adapter for Hellenistic and Roman military labor markets; it does not create a named Galatian regiment
antq_germanic_bodyguards,Germanic Bodyguards,land,complete,age_1_traditions,army_heavy_infantry,assets_queue/generated/unit_icons/sheets/unit_sheet_05_western_mercenaries.png,top_left,assets_queue/generated/unit_icons/masters/antq_germanic_bodyguards.png,assets_queue/generated/unit_icons/strips/army_heavy_infantry_antq_germanic_bodyguards_1080x440.png,main_menu/gfx/interface/illustrations/units/army_heavy_infantry_antq_germanic_bodyguards.dds,main_menu/gfx/interface/illustrations/units/masks/army_heavy_infantry_antq_germanic_bodyguards.dds,1080x440; 3x360x440 frames,DXT1 + full mip chain,[unit_category]_[unit_type] (direct priority 2),P14;CAH-XI,contested,Era mercenary-company adapter; it does not pre-script a named guard corps
antq_germanic_horse,Germanic Light Horse,land,complete,age_1_traditions,army_light_cavalry,assets_queue/generated/unit_icons/sheets/unit_sheet_04_germanic.png,top_right,assets_queue/generated/unit_icons/masters/antq_germanic_horse.png,assets_queue/generated/unit_icons/strips/army_light_cavalry_antq_germanic_horse_1080x440.png,main_menu/gfx/interface/illustrations/units/army_light_cavalry_antq_germanic_horse.dds,main_menu/gfx/interface/illustrations/units/masks/army_light_cavalry_antq_germanic_horse.dds,1080x440; 3x360x440 frames,DXT1 + full mip chain,[unit_category]_[unit_type] (direct priority 2),P14;CAH-XI;STR-GER;OCD-GER,contested,Bounded Germanic and Celtic light-horse levy adapter; it does not claim a uniform tribal cavalry doctrine equipment ratio or campaign formation
antq_germanic_javelins,Germanic Javelin Levy,land,complete,age_1_traditions,army_light_infantry,assets_queue/generated/unit_icons/sheets/unit_sheet_04_germanic.png,bottom_right,assets_queue/generated/unit_icons/masters/antq_germanic_javelins.png,assets_queue/generated/unit_icons/strips/army_light_infantry_antq_germanic_javelins_1080x440.png,main_menu/gfx/interface/illustrations/units/army_light_infantry_antq_germanic_javelins.dds,main_menu/gfx/interface/illustrations/units/masks/army_light_infantry_antq_germanic_javelins.dds,1080x440; 3x360x440 frames,DXT1 + full mip chain,[unit_category]_[unit_type] (direct priority 2),P14;CAH-XI;STR-GER,contested,Bounded skirmishing-levy adapter without a uniform tribal armament claim
antq_germanic_north_sea_patrol,Germanic North Sea Patrol,navy,complete,age_1_traditions,navy_light_ship,assets_queue/generated/unit_icons/sheets/unit_sheet_23_north_sea_baltic_navy.png,top_left,assets_queue/generated/unit_icons/masters/antq_germanic_north_sea_patrol.png,assets_queue/generated/unit_icons/strips/navy_light_ship_antq_germanic_north_sea_patrol_1080x440.png,main_menu/gfx/interface/illustrations/units/navy_light_ship_antq_germanic_north_sea_patrol.dds,main_menu/gfx/interface/illustrations/units/masks/navy_light_ship_antq_germanic_north_sea_patrol.dds,1080x440; 3x360x440 frames,DXT1 + full mip chain,[unit_category]_[unit_type] (direct priority 2),P8.7;P14;CAH-XI;TAC-GER,contested,"A bounded North Sea patrol adapter for harbor-owning Germanic polities, not a reconstructed standardized state fleet."
antq_germanic_north_sea_transport,Germanic North Sea Transport,navy,complete,age_1_traditions,navy_transport,assets_queue/generated/unit_icons/sheets/unit_sheet_23_north_sea_baltic_navy.png,top_right,assets_queue/generated/unit_icons/masters/antq_germanic_north_sea_transport.png,assets_queue/generated/unit_icons/strips/navy_transport_antq_germanic_north_sea_transport_1080x440.png,main_menu/gfx/interface/illustrations/units/navy_transport_antq_germanic_north_sea_transport.dds,main_menu/gfx/interface/illustrations/units/masks/navy_transport_antq_germanic_north_sea_transport.dds,1080x440; 3x360x440 frames,DXT1 + full mip chain,[unit_category]_[unit_type] (direct priority 2),P8.7;P14;CAH-XI;TAC-GER,contested,"A bounded North Sea carrier adapter for harbor-owning Germanic polities, not a reconstructed standardized state fleet."
antq_germanic_spearmen,Germanic Spearmen,land,complete,age_1_traditions,army_heavy_infantry,assets_queue/generated/unit_icons/sheets/unit_sheet_04_germanic.png,bottom_left,assets_queue/generated/unit_icons/masters/antq_germanic_spearmen.png,assets_queue/generated/unit_icons/strips/army_heavy_infantry_antq_germanic_spearmen_1080x440.png,main_menu/gfx/interface/illustrations/units/army_heavy_infantry_antq_germanic_spearmen.dds,main_menu/gfx/interface/illustrations/units/masks/army_heavy_infantry_antq_germanic_spearmen.dds,1080x440; 3x360x440 frames,DXT1 + full mip chain,[unit_category]_[unit_type] (direct priority 2),P14;CAH-XI;STR-GER,contested,Bounded spear-levy adapter without a uniform Germanic tactical doctrine or equipment ratio
antq_gothic_migrant_host,Gothic Migrant Host,land,complete,age_2_renaissance,army_heavy_infantry,assets_queue/generated/unit_icons/sheets/unit_sheet_16_germania_late_confederations.png,top_left,assets_queue/generated/unit_icons/masters/antq_gothic_migrant_host.png,assets_queue/generated/unit_icons/strips/army_heavy_infantry_antq_gothic_migrant_host_1080x440.png,main_menu/gfx/interface/illustrations/units/army_heavy_infantry_antq_gothic_migrant_host.dds,main_menu/gfx/interface/illustrations/units/masks/army_heavy_infantry_antq_gothic_migrant_host.dds,1080x440; 3x360x440 frames,DXT1 + full mip chain,[unit_category]_[unit_type] (direct priority 2),P8.7;P14;STR-GER;CAH-XI,contested,"A migration-era host adapter for changing lower-Vistula and Pontic coalitions without scripting one inevitable route, conquest, or pan-Gothic army."
antq_han_crossbow_infantry,Han Crossbow Infantry,land,complete,age_1_traditions,army_light_infantry,assets_queue/generated/unit_icons/sheets/unit_sheet_06_han_india_nubia.png,top_left,assets_queue/generated/unit_icons/masters/antq_han_crossbow_infantry.png,assets_queue/generated/unit_icons/strips/army_light_infantry_antq_han_crossbow_infantry_1080x440.png,main_menu/gfx/interface/illustrations/units/army_light_infantry_antq_han_crossbow_infantry.dds,main_menu/gfx/interface/illustrations/units/masks/army_light_infantry_antq_han_crossbow_infantry.dds,1080x440; 3x360x440 frames,DXT1 + full mip chain,[unit_category]_[unit_type] (direct priority 2),P14;BHR;CAH-XI,secure,Western Han regular crossbow-infantry edge represented without inventing a specific unit establishment
antq_han_frontier_crossbow_company,Han Frontier Crossbow Company,land,complete,age_1_traditions,army_light_infantry,assets_queue/generated/unit_icons/sheets/unit_sheet_20_han_indian_companies.png,top_left,assets_queue/generated/unit_icons/masters/antq_han_frontier_crossbow_company.png,assets_queue/generated/unit_icons/strips/army_light_infantry_antq_han_frontier_crossbow_company_1080x440.png,main_menu/gfx/interface/illustrations/units/army_light_infantry_antq_han_frontier_crossbow_company.dds,main_menu/gfx/interface/illustrations/units/masks/army_light_infantry_antq_han_frontier_crossbow_company.dds,1080x440; 3x360x440 frames,DXT1 + full mip chain,[unit_category]_[unit_type] (direct priority 2),P8.3;P14;CAH-XI,secure,A bounded hired or seconded Han crossbow role for frontier and escort service without inventing a permanent private regiment.
antq_hellenistic_phalanx,Hellenistic Phalanx,land,complete,age_1_traditions,army_heavy_infantry,assets_queue/generated/unit_icons/sheets/unit_sheet_03_hellenistic.png,top_right,assets_queue/generated/unit_icons/masters/antq_hellenistic_phalanx.png,assets_queue/generated/unit_icons/strips/army_heavy_infantry_antq_hellenistic_phalanx_1080x440.png,main_menu/gfx/interface/illustrations/units/army_heavy_infantry_antq_hellenistic_phalanx.dds,main_menu/gfx/interface/illustrations/units/masks/army_heavy_infantry_antq_hellenistic_phalanx.dds,1080x440; 3x360x440 frames,DXT1 + full mip chain,[unit_category]_[unit_type] (direct priority 2),P14;CAH-XI,contested,Remnant phalanx adapter for the Black Sea Hellenistic courts rather than a universal classical unit
antq_hibernian_cargo_curragh,Hibernian Cargo Curragh,navy,complete,age_1_traditions,navy_transport,assets_queue/generated/unit_icons/sheets/unit_sheet_22_britain_hibernia_navy.png,bottom_right,assets_queue/generated/unit_icons/masters/antq_hibernian_cargo_curragh.png,assets_queue/generated/unit_icons/strips/navy_transport_antq_hibernian_cargo_curragh_1080x440.png,main_menu/gfx/interface/illustrations/units/navy_transport_antq_hibernian_cargo_curragh.dds,main_menu/gfx/interface/illustrations/units/masks/navy_transport_antq_hibernian_cargo_curragh.dds,1080x440; 3x360x440 frames,DXT1 + full mip chain,[unit_category]_[unit_type] (direct priority 2),P8.7;P14;CAH-XI,contested,"A bounded Hibernian coastal carrier role, not a reconstructed standardized state fleet or a projection of later raiding institutions."
antq_hibernian_coastal_warbands,Hibernian Coastal Warbands,land,complete,age_1_traditions,army_heavy_infantry,assets_queue/generated/unit_icons/sheets/unit_sheet_12_britain_hibernia.png,bottom_right,assets_queue/generated/unit_icons/masters/antq_hibernian_coastal_warbands.png,assets_queue/generated/unit_icons/strips/army_heavy_infantry_antq_hibernian_coastal_warbands_1080x440.png,main_menu/gfx/interface/illustrations/units/army_heavy_infantry_antq_hibernian_coastal_warbands.dds,main_menu/gfx/interface/illustrations/units/masks/army_heavy_infantry_antq_hibernian_coastal_warbands.dds,1080x440; 3x360x440 frames,DXT1 + full mip chain,[unit_category]_[unit_type] (direct priority 2),P8.7;P14;PTO-GEO-II1;DARCY-IRE;NMI-IRON-AGE,contested,Coastal fighting-following adapter combining local retainers and seaway mobility without implying a standing navy named raid or Viking-era institution.
antq_hibernian_javelin_bands,Hibernian Javelin Bands,land,complete,age_1_traditions,army_light_infantry,assets_queue/generated/unit_icons/sheets/unit_sheet_12_britain_hibernia.png,bottom_left,assets_queue/generated/unit_icons/masters/antq_hibernian_javelin_bands.png,assets_queue/generated/unit_icons/strips/army_light_infantry_antq_hibernian_javelin_bands_1080x440.png,main_menu/gfx/interface/illustrations/units/army_light_infantry_antq_hibernian_javelin_bands.dds,main_menu/gfx/interface/illustrations/units/masks/army_light_infantry_antq_hibernian_javelin_bands.dds,1080x440; 3x360x440 frames,DXT1 + full mip chain,[unit_category]_[unit_type] (direct priority 2),P8.7;P14;PTO-GEO-II1;DARCY-IRE;NMI-IRON-AGE,contested,Light spear-and-shield gameplay role for Hibernian household musters without projecting later heroic literature or a uniform island military system backward.
antq_hibernian_war_curragh,Hibernian War Curragh,navy,complete,age_1_traditions,navy_light_ship,assets_queue/generated/unit_icons/sheets/unit_sheet_22_britain_hibernia_navy.png,bottom_left,assets_queue/generated/unit_icons/masters/antq_hibernian_war_curragh.png,assets_queue/generated/unit_icons/strips/navy_light_ship_antq_hibernian_war_curragh_1080x440.png,main_menu/gfx/interface/illustrations/units/navy_light_ship_antq_hibernian_war_curragh.dds,main_menu/gfx/interface/illustrations/units/masks/navy_light_ship_antq_hibernian_war_curragh.dds,1080x440; 3x360x440 frames,DXT1 + full mip chain,[unit_category]_[unit_type] (direct priority 2),P8.7;P14;CAH-XI,contested,"A bounded Hibernian coastal patrol role, not a reconstructed standardized state fleet or a projection of later raiding institutions."
antq_household_retainers,Household Retainers,land,complete,age_1_traditions,army_heavy_infantry,assets_queue/generated/unit_icons/sheets/unit_sheet_18_universal_ancient_floor.png,bottom_right,assets_queue/generated/unit_icons/masters/antq_household_retainers.png,assets_queue/generated/unit_icons/strips/army_heavy_infantry_antq_household_retainers_1080x440.png,main_menu/gfx/interface/illustrations/units/army_heavy_infantry_antq_household_retainers.dds,main_menu/gfx/interface/illustrations/units/masks/army_heavy_infantry_antq_household_retainers.dds,1080x440; 3x360x440 frames,DXT1 + full mip chain,[unit_category]_[unit_type] (direct priority 2),P14;CAH-XI,contested,A small prestige-bound heavy-foot role abstracting household service without claiming a uniform aristocratic institution across all polities.
antq_iberian_swordsmen,Iberian Swordsmen,land,complete,age_1_traditions,army_heavy_infantry,assets_queue/generated/unit_icons/sheets/unit_sheet_05_western_mercenaries.png,bottom_left,assets_queue/generated/unit_icons/masters/antq_iberian_swordsmen.png,assets_queue/generated/unit_icons/strips/army_heavy_infantry_antq_iberian_swordsmen_1080x440.png,main_menu/gfx/interface/illustrations/units/army_heavy_infantry_antq_iberian_swordsmen.dds,main_menu/gfx/interface/illustrations/units/masks/army_heavy_infantry_antq_iberian_swordsmen.dds,1080x440; 3x360x440 frames,DXT1 + full mip chain,[unit_category]_[unit_type] (direct priority 2),P14;CAH-XI,contested,Era western-Mediterranean company adapter without a named Iberian contract or troop strength
antq_indian_longbow_company,Indian Longbow Company,land,complete,age_1_traditions,army_light_infantry,assets_queue/generated/unit_icons/sheets/unit_sheet_20_han_indian_companies.png,bottom_left,assets_queue/generated/unit_icons/masters/antq_indian_longbow_company.png,assets_queue/generated/unit_icons/strips/army_light_infantry_antq_indian_longbow_company_1080x440.png,main_menu/gfx/interface/illustrations/units/army_light_infantry_antq_indian_longbow_company.dds,main_menu/gfx/interface/illustrations/units/masks/army_light_infantry_antq_indian_longbow_company.dds,1080x440; 3x360x440 frames,DXT1 + full mip chain,[unit_category]_[unit_type] (direct priority 2),P8.4;P14;CAH-XI,contested,A broad early-historic longbow service company for Indian courts and cities without claiming uniform equipment caste or organization.
antq_indian_longbowmen,Indian Longbowmen,land,complete,age_1_traditions,army_light_infantry,assets_queue/generated/unit_icons/sheets/unit_sheet_06_han_india_nubia.png,top_right,assets_queue/generated/unit_icons/masters/antq_indian_longbowmen.png,assets_queue/generated/unit_icons/strips/army_light_infantry_antq_indian_longbowmen_1080x440.png,main_menu/gfx/interface/illustrations/units/army_light_infantry_antq_indian_longbowmen.dds,main_menu/gfx/interface/illustrations/units/masks/army_light_infantry_antq_indian_longbowmen.dds,1080x440; 3x360x440 frames,DXT1 + full mip chain,[unit_category]_[unit_type] (direct priority 2),P14;CAH-XI,contested,Regional longbow infantry adapter for the Indian subcontinent and Lanka
antq_javelin_skirmishers,Javelin Skirmishers,land,complete,age_1_traditions,army_light_infantry,assets_queue/generated/unit_icons/sheets/unit_sheet_18_universal_ancient_floor.png,top_right,assets_queue/generated/unit_icons/masters/antq_javelin_skirmishers.png,assets_queue/generated/unit_icons/strips/army_light_infantry_antq_javelin_skirmishers_1080x440.png,main_menu/gfx/interface/illustrations/units/army_light_infantry_antq_javelin_skirmishers.dds,main_menu/gfx/interface/illustrations/units/masks/army_light_infantry_antq_javelin_skirmishers.dds,1080x440; 3x360x440 frames,DXT1 + full mip chain,[unit_category]_[unit_type] (direct priority 2),P14;CAH-XI,secure,A universal ancient light-foot floor for dispersed missile harassment without assigning one ethnic doctrine or equipment standard.
antq_kwale_coastal_patrol,African Coastal Patrol,navy,complete,age_1_traditions,navy_light_ship,assets_queue/generated/unit_icons/sheets/unit_sheet_26_sulawesi_kwale_navy.png,bottom_left,assets_queue/generated/unit_icons/masters/antq_kwale_coastal_patrol.png,assets_queue/generated/unit_icons/strips/navy_light_ship_antq_kwale_coastal_patrol_1080x440.png,main_menu/gfx/interface/illustrations/units/navy_light_ship_antq_kwale_coastal_patrol.dds,main_menu/gfx/interface/illustrations/units/masks/navy_light_ship_antq_kwale_coastal_patrol.dds,1080x440; 3x360x440 frames,DXT1 + full mip chain,[unit_category]_[unit_type] (direct priority 2),P8.5;P14;CAH-XI,contested,"A bounded African coastal patrol adapter, not a reconstructed standardized state fleet."
antq_kwale_sewn_plank_transport,African Sewn-Plank Transport,navy,complete,age_1_traditions,navy_transport,assets_queue/generated/unit_icons/sheets/unit_sheet_26_sulawesi_kwale_navy.png,bottom_right,assets_queue/generated/unit_icons/masters/antq_kwale_sewn_plank_transport.png,assets_queue/generated/unit_icons/strips/navy_transport_antq_kwale_sewn_plank_transport_1080x440.png,main_menu/gfx/interface/illustrations/units/navy_transport_antq_kwale_sewn_plank_transport.dds,main_menu/gfx/interface/illustrations/units/masks/navy_transport_antq_kwale_sewn_plank_transport.dds,1080x440; 3x360x440 frames,DXT1 + full mip chain,[unit_category]_[unit_type] (direct priority 2),P8.5;P14;CAH-XI,contested,"A bounded African coastal carrier adapter using sewn-plank construction, not a reconstructed standardized state fleet."
antq_legionaries,Legionaries,land,complete,age_1_traditions,army_heavy_infantry,assets_queue/generated/unit_icons/sheets/unit_sheet_01_roman_core.png,top_left,assets_queue/generated/unit_icons/masters/antq_legionaries.png,assets_queue/generated/unit_icons/strips/army_heavy_infantry_antq_legionaries_1080x440.png,main_menu/gfx/interface/illustrations/units/army_heavy_infantry_antq_legionaries.dds,main_menu/gfx/interface/illustrations/units/masks/army_heavy_infantry_antq_legionaries.dds,1080x440; 3x360x440 frames,DXT1 + full mip chain,[unit_category]_[unit_type] (direct priority 2),P14;CAH-XI,secure,Professional Roman heavy infantry; the numerical profile is a bounded technical role adapter
antq_liburnian,Liburnian,navy,complete,age_1_traditions,navy_galley,assets_queue/generated/unit_icons/sheets/unit_sheet_10_mediterranean_navy.png,top_left,assets_queue/generated/unit_icons/masters/antq_liburnian.png,assets_queue/generated/unit_icons/strips/navy_galley_antq_liburnian_1080x440.png,main_menu/gfx/interface/illustrations/units/navy_galley_antq_liburnian.dds,main_menu/gfx/interface/illustrations/units/masks/navy_galley_antq_liburnian.dds,1080x440; 3x360x440 frames,DXT1 + full mip chain,[unit_category]_[unit_type] (direct priority 2),P14;CAH-XI,secure,Light Roman galley for ramming missile fire and boarding
antq_limitanei,Limitanei,land,complete,age_4_reformation,army_heavy_infantry,assets_queue/generated/unit_icons/sheets/unit_sheet_02_roman_specialists.png,bottom_right,assets_queue/generated/unit_icons/masters/antq_limitanei.png,assets_queue/generated/unit_icons/strips/army_heavy_infantry_antq_limitanei_1080x440.png,main_menu/gfx/interface/illustrations/units/army_heavy_infantry_antq_limitanei.dds,main_menu/gfx/interface/illustrations/units/masks/army_heavy_infantry_antq_limitanei.dds,1080x440; 3x360x440 frames,DXT1 + full mip chain,[unit_category]_[unit_type] (direct priority 2),P14;NOTITIA,contested,Late Roman frontier-force adapter reserved for the Dominate age
antq_limited_coastal_transport,Limited Coastal Transport,navy,complete,age_1_traditions,navy_transport,assets_queue/generated/unit_icons/sheets/unit_sheet_29_capability_ladder.png,top_right,assets_queue/generated/unit_icons/masters/antq_limited_coastal_transport.png,assets_queue/generated/unit_icons/strips/navy_transport_antq_limited_coastal_transport_1080x440.png,main_menu/gfx/interface/illustrations/units/navy_transport_antq_limited_coastal_transport.dds,main_menu/gfx/interface/illustrations/units/masks/navy_transport_antq_limited_coastal_transport.dds,1080x440; 3x360x440 frames,DXT1 + full mip chain,[unit_category]_[unit_type] (direct priority 2),P14;CAH-XI,contested,Ad hoc short-range carriage available only to coastal polities with enough ports or political capacity; not a permanent fleet.
antq_local_watercraft,Local Watercraft,navy,complete,age_1_traditions,navy_light_ship,assets_queue/generated/unit_icons/sheets/unit_sheet_29_capability_ladder.png,top_left,assets_queue/generated/unit_icons/masters/antq_local_watercraft.png,assets_queue/generated/unit_icons/strips/navy_light_ship_antq_local_watercraft_1080x440.png,main_menu/gfx/interface/illustrations/units/navy_light_ship_antq_local_watercraft.dds,main_menu/gfx/interface/illustrations/units/masks/navy_light_ship_antq_local_watercraft.dds,1080x440; 3x360x440 frames,DXT1 + full mip chain,[unit_category]_[unit_type] (direct priority 2),P14;CAH-XI,contested,Small boats and rafts permit local water movement but do not imply transport service patrol organization or a state fleet.
antq_marcomannic_royal_retinue,Marcomannic Royal Retinue,land,complete,age_1_traditions,army_heavy_infantry,assets_queue/generated/unit_icons/sheets/unit_sheet_15_germania_opening_depth.png,top_left,assets_queue/generated/unit_icons/masters/antq_marcomannic_royal_retinue.png,assets_queue/generated/unit_icons/strips/army_heavy_infantry_antq_marcomannic_royal_retinue_1080x440.png,main_menu/gfx/interface/illustrations/units/army_heavy_infantry_antq_marcomannic_royal_retinue.dds,main_menu/gfx/interface/illustrations/units/masks/army_heavy_infantry_antq_marcomannic_royal_retinue.dds,1080x440; 3x360x440 frames,DXT1 + full mip chain,[unit_category]_[unit_type] (direct priority 2),P8.7;P14;STR-GER;TAC-ANN-II,contested,"A bounded royal-following adapter for Maroboduus's court without asserting a fixed guard establishment, standardized equipment, or permanent Germanic monarchy."
antq_merchant_roundship,Merchant Roundship,navy,complete,age_1_traditions,navy_transport,assets_queue/generated/unit_icons/sheets/unit_sheet_10_mediterranean_navy.png,bottom_right,assets_queue/generated/unit_icons/masters/antq_merchant_roundship.png,assets_queue/generated/unit_icons/strips/navy_transport_antq_merchant_roundship_1080x440.png,main_menu/gfx/interface/illustrations/units/navy_transport_antq_merchant_roundship.dds,main_menu/gfx/interface/illustrations/units/masks/navy_transport_antq_merchant_roundship.dds,1080x440; 3x360x440 frames,DXT1 + full mip chain,[unit_category]_[unit_type] (direct priority 2),P14;CAH-XI,secure,Ancient merchant carrier for rivers coasts and established sea-lanes
antq_mesoamerican_atlatl_company,Mesoamerican Atlatl Company,land,complete,age_1_traditions,army_light_infantry,assets_queue/generated/unit_icons/sheets/unit_sheet_21_african_american_companies.png,bottom_left,assets_queue/generated/unit_icons/masters/antq_mesoamerican_atlatl_company.png,assets_queue/generated/unit_icons/strips/army_light_infantry_antq_mesoamerican_atlatl_company_1080x440.png,main_menu/gfx/interface/illustrations/units/army_light_infantry_antq_mesoamerican_atlatl_company.dds,main_menu/gfx/interface/illustrations/units/masks/army_light_infantry_antq_mesoamerican_atlatl_company.dds,1080x440; 3x360x440 frames,DXT1 + full mip chain,[unit_category]_[unit_type] (direct priority 2),P8.10;P14,contested,A Late Formative spear-thrower company adapter without backdating Aztec imperial regalia organization or metal weapons.
antq_mesopotamian_river_patrol,Mesopotamian River Patrol,navy,complete,age_1_traditions,navy_galley,assets_queue/generated/unit_icons/sheets/unit_sheet_17_arsacid_watercraft.png,top_left,assets_queue/generated/unit_icons/masters/antq_mesopotamian_river_patrol.png,assets_queue/generated/unit_icons/strips/navy_galley_antq_mesopotamian_river_patrol_1080x440.png,main_menu/gfx/interface/illustrations/units/navy_galley_antq_mesopotamian_river_patrol.dds,main_menu/gfx/interface/illustrations/units/masks/navy_galley_antq_mesopotamian_river_patrol.dds,1080x440; 3x360x440 frames,DXT1 + full mip chain,[unit_category]_[unit_type] (direct priority 2),P8.2;P14;PER;CAH-XI,contested,A shallow-draft oared patrol adapter for the Tigris-Euphrates corridor; it does not imply an Arsacid blue-water fleet or standardized hull.
antq_mesopotamian_river_transport,Mesopotamian River Transport,navy,complete,age_1_traditions,navy_transport,assets_queue/generated/unit_icons/sheets/unit_sheet_17_arsacid_watercraft.png,bottom_left,assets_queue/generated/unit_icons/masters/antq_mesopotamian_river_transport.png,assets_queue/generated/unit_icons/strips/navy_transport_antq_mesopotamian_river_transport_1080x440.png,main_menu/gfx/interface/illustrations/units/navy_transport_antq_mesopotamian_river_transport.dds,main_menu/gfx/interface/illustrations/units/masks/navy_transport_antq_mesopotamian_river_transport.dds,1080x440; 3x360x440 frames,DXT1 + full mip chain,[unit_category]_[unit_type] (direct priority 2),P8.2;P14;PER;CAH-XI,secure,"A broad river cargo and troop-transport adapter for Mesopotamian waterways, distinct from an ocean-going merchant roundship."
antq_micronesian_double_outrigger_transport,Micronesian Double-Outrigger Transport,navy,complete,age_1_traditions,navy_transport,assets_queue/generated/unit_icons/sheets/unit_sheet_27_andes_micronesia_navy.png,bottom_right,assets_queue/generated/unit_icons/masters/antq_micronesian_double_outrigger_transport.png,assets_queue/generated/unit_icons/strips/navy_transport_antq_micronesian_double_outrigger_transport_1080x440.png,main_menu/gfx/interface/illustrations/units/navy_transport_antq_micronesian_double_outrigger_transport.dds,main_menu/gfx/interface/illustrations/units/masks/navy_transport_antq_micronesian_double_outrigger_transport.dds,1080x440; 3x360x440 frames,DXT1 + full mip chain,[unit_category]_[unit_type] (direct priority 2),P8.9;P14;CAH-XI;ANU-MIC,contested,"A bounded Micronesian inter-island carrier adapter, not a reconstructed standardized state fleet."
antq_micronesian_outrigger_patrol,Micronesian Outrigger Patrol,navy,complete,age_1_traditions,navy_light_ship,assets_queue/generated/unit_icons/sheets/unit_sheet_27_andes_micronesia_navy.png,bottom_left,assets_queue/generated/unit_icons/masters/antq_micronesian_outrigger_patrol.png,assets_queue/generated/unit_icons/strips/navy_light_ship_antq_micronesian_outrigger_patrol_1080x440.png,main_menu/gfx/interface/illustrations/units/navy_light_ship_antq_micronesian_outrigger_patrol.dds,main_menu/gfx/interface/illustrations/units/masks/navy_light_ship_antq_micronesian_outrigger_patrol.dds,1080x440; 3x360x440 frames,DXT1 + full mip chain,[unit_category]_[unit_type] (direct priority 2),P8.9;P14;CAH-XI;ANU-MIC,contested,"A bounded Micronesian inter-island patrol adapter, not a reconstructed standardized state fleet."
antq_monsoon_dhow,Monsoon Dhow,navy,complete,age_1_traditions,navy_light_ship,assets_queue/generated/unit_icons/sheets/unit_sheet_11_ocean_coastal.png,top_left,assets_queue/generated/unit_icons/masters/antq_monsoon_dhow.png,assets_queue/generated/unit_icons/strips/navy_light_ship_antq_monsoon_dhow_1080x440.png,main_menu/gfx/interface/illustrations/units/navy_light_ship_antq_monsoon_dhow.dds,main_menu/gfx/interface/illustrations/units/masks/navy_light_ship_antq_monsoon_dhow.dds,1080x440; 3x360x440 frames,DXT1 + full mip chain,[unit_category]_[unit_type] (direct priority 2),P14;PER;CAH-XI,contested,Indian-Ocean coastal and monsoon sailing vessel
antq_nabataean_caravan_guards,Nabataean Caravan Guards,land,complete,age_1_traditions,army_light_cavalry,assets_queue/generated/unit_icons/sheets/unit_sheet_14_arabia.png,top_left,assets_queue/generated/unit_icons/masters/antq_nabataean_caravan_guards.png,assets_queue/generated/unit_icons/strips/army_light_cavalry_antq_nabataean_caravan_guards_1080x440.png,main_menu/gfx/interface/illustrations/units/army_light_cavalry_antq_nabataean_caravan_guards.dds,main_menu/gfx/interface/illustrations/units/masks/army_light_cavalry_antq_nabataean_caravan_guards.dds,1080x440; 3x360x440 frames,DXT1 + full mip chain,[unit_category]_[unit_type] (direct priority 2),P8.1;P8.5;P14;NABATAEA-MAP;STR-ARAB,secure,"Mounted route guards adapt Nabataea's secure caravan and desert-water setting without claiming a uniform standing corps, equipment issue, or fixed establishment."
antq_nile_bow_company,Nile Bow Company,land,complete,age_1_traditions,army_light_infantry,assets_queue/generated/unit_icons/sheets/unit_sheet_21_african_american_companies.png,top_left,assets_queue/generated/unit_icons/masters/antq_nile_bow_company.png,assets_queue/generated/unit_icons/strips/army_light_infantry_antq_nile_bow_company_1080x440.png,main_menu/gfx/interface/illustrations/units/army_light_infantry_antq_nile_bow_company.dds,main_menu/gfx/interface/illustrations/units/masks/army_light_infantry_antq_nile_bow_company.dds,1080x440; 3x360x440 frames,DXT1 + full mip chain,[unit_category]_[unit_type] (direct priority 2),P8.5;P14;CAH-XI,contested,A Nile-anchored bow-service company broadly available through African recruitment networks without flattening distinct regional traditions.
antq_north_arabian_camel_scouts,North Arabian Camel Scouts,land,complete,age_1_traditions,army_light_cavalry,assets_queue/generated/unit_icons/sheets/unit_sheet_14_arabia.png,top_right,assets_queue/generated/unit_icons/masters/antq_north_arabian_camel_scouts.png,assets_queue/generated/unit_icons/strips/army_light_cavalry_antq_north_arabian_camel_scouts_1080x440.png,main_menu/gfx/interface/illustrations/units/army_light_cavalry_antq_north_arabian_camel_scouts.dds,main_menu/gfx/interface/illustrations/units/masks/army_light_cavalry_antq_north_arabian_camel_scouts.dds,1080x440; 3x360x440 frames,DXT1 + full mip chain,[unit_category]_[unit_type] (direct priority 2),P8.5;P14;STR-ARAB;PTO-ARAB,contested,A bounded mounted scouting adapter for dispersed northern and interior Arabian route communities; it does not impose one ethnic army or permanent camel corps.
antq_northern_british_skirmishers,Northern British Skirmishers,land,complete,age_1_traditions,army_light_infantry,assets_queue/generated/unit_icons/sheets/unit_sheet_12_britain_hibernia.png,top_right,assets_queue/generated/unit_icons/masters/antq_northern_british_skirmishers.png,assets_queue/generated/unit_icons/strips/army_light_infantry_antq_northern_british_skirmishers_1080x440.png,main_menu/gfx/interface/illustrations/units/army_light_infantry_antq_northern_british_skirmishers.dds,main_menu/gfx/interface/illustrations/units/masks/army_light_infantry_antq_northern_british_skirmishers.dds,1080x440; 3x360x440 frames,DXT1 + full mip chain,[unit_category]_[unit_type] (direct priority 2),P8.7;P14;PTO-GEO-II2;MANN-BRI;CAH-XI,contested,Northern light-infantry role adapter for broken wooded and upland terrain without claiming one ethnic doctrine or permanent confederate army.
antq_nubian_archers,Nubian Archers,land,complete,age_1_traditions,army_light_infantry,assets_queue/generated/unit_icons/sheets/unit_sheet_06_han_india_nubia.png,bottom_right,assets_queue/generated/unit_icons/masters/antq_nubian_archers.png,assets_queue/generated/unit_icons/strips/army_light_infantry_antq_nubian_archers_1080x440.png,main_menu/gfx/interface/illustrations/units/army_light_infantry_antq_nubian_archers.dds,main_menu/gfx/interface/illustrations/units/masks/army_light_infantry_antq_nubian_archers.dds,1080x440; 3x360x440 frames,DXT1 + full mip chain,[unit_category]_[unit_type] (direct priority 2),P14;CAH-XI,contested,Nile-valley and Horn archer adapter without claiming a single uniform ethnic establishment
antq_numidian_horse_company,Numidian Horse Company,land,complete,age_1_traditions,army_light_cavalry,assets_queue/generated/unit_icons/sheets/unit_sheet_08_africa_arabia_britain.png,bottom_right,assets_queue/generated/unit_icons/masters/antq_numidian_horse_company.png,assets_queue/generated/unit_icons/strips/army_light_cavalry_antq_numidian_horse_company_1080x440.png,main_menu/gfx/interface/illustrations/units/army_light_cavalry_antq_numidian_horse_company.dds,main_menu/gfx/interface/illustrations/units/masks/army_light_cavalry_antq_numidian_horse_company.dds,1080x440; 3x360x440 frames,DXT1 + full mip chain,[unit_category]_[unit_type] (direct priority 2),P14;CAH-XI,contested,Era North African light-horse company adapter distinct from independent-court forces and without a named contract or roster
antq_numidian_light_horse,Numidian Light Horse,land,complete,age_1_traditions,army_light_cavalry,assets_queue/generated/unit_icons/sheets/unit_sheet_08_africa_arabia_britain.png,top_left,assets_queue/generated/unit_icons/masters/antq_numidian_light_horse.png,assets_queue/generated/unit_icons/strips/army_light_cavalry_antq_numidian_light_horse_1080x440.png,main_menu/gfx/interface/illustrations/units/army_light_cavalry_antq_numidian_light_horse.dds,main_menu/gfx/interface/illustrations/units/masks/army_light_cavalry_antq_numidian_light_horse.dds,1080x440; 3x360x440 frames,DXT1 + full mip chain,[unit_category]_[unit_type] (direct priority 2),P14;CAH-XI,contested,North African light-cavalry adapter without projecting Roman auxiliary organization onto independent courts
antq_omanite_coastal_warbands,Omanite Coastal Warbands,land,complete,age_1_traditions,army_light_infantry,assets_queue/generated/unit_icons/sheets/unit_sheet_14_arabia.png,bottom_right,assets_queue/generated/unit_icons/masters/antq_omanite_coastal_warbands.png,assets_queue/generated/unit_icons/strips/army_light_infantry_antq_omanite_coastal_warbands_1080x440.png,main_menu/gfx/interface/illustrations/units/army_light_infantry_antq_omanite_coastal_warbands.dds,main_menu/gfx/interface/illustrations/units/masks/army_light_infantry_antq_omanite_coastal_warbands.dds,1080x440; 3x360x440 frames,DXT1 + full mip chain,[unit_category]_[unit_type] (direct priority 2),P8.6;P14;STR-ARAB;CAH-XI,contested,"A light coastal and oasis following for Omanite communities, bounded away from later naval institutions and any claim for standardized equipment or command."
antq_open_sea_merchantmen,Open-Sea Merchantmen,navy,complete,age_1_traditions,navy_transport,assets_queue/generated/unit_icons/sheets/unit_sheet_30_long_distance_capacity.png,top_left,assets_queue/generated/unit_icons/masters/antq_open_sea_merchantmen.png,assets_queue/generated/unit_icons/strips/navy_transport_antq_open_sea_merchantmen_1080x440.png,main_menu/gfx/interface/illustrations/units/navy_transport_antq_open_sea_merchantmen.dds,main_menu/gfx/interface/illustrations/units/masks/navy_transport_antq_open_sea_merchantmen.dds,1080x440; 3x360x440 frames,DXT1 + full mip chain,[unit_category]_[unit_type] (direct priority 2),P14;PER;CAH-XI,contested,Long-distance seagoing carriage restricted to polities with documented imperial or monsoon-network capacity.
antq_parthian_foot_archers,Parthian Foot Archers,land,complete,age_1_traditions,army_light_infantry,assets_queue/generated/unit_icons/sheets/unit_sheet_09_eastern_specialists.png,top_left,assets_queue/generated/unit_icons/masters/antq_parthian_foot_archers.png,assets_queue/generated/unit_icons/strips/army_light_infantry_antq_parthian_foot_archers_1080x440.png,main_menu/gfx/interface/illustrations/units/army_light_infantry_antq_parthian_foot_archers.dds,main_menu/gfx/interface/illustrations/units/masks/army_light_infantry_antq_parthian_foot_archers.dds,1080x440; 3x360x440 frames,DXT1 + full mip chain,[unit_category]_[unit_type] (direct priority 2),P14;CAH-XI,contested,Bounded Arsacid infantry-archer role adapter without a field-order reconstruction
antq_parthian_horse_archers,Parthian Horse Archers,land,complete,age_1_traditions,army_light_cavalry,assets_queue/generated/unit_icons/sheets/unit_sheet_07_iranian_steppe.png,top_right,assets_queue/generated/unit_icons/masters/antq_parthian_horse_archers.png,assets_queue/generated/unit_icons/strips/army_light_cavalry_antq_parthian_horse_archers_1080x440.png,main_menu/gfx/interface/illustrations/units/army_light_cavalry_antq_parthian_horse_archers.dds,main_menu/gfx/interface/illustrations/units/masks/army_light_cavalry_antq_parthian_horse_archers.dds,1080x440; 3x360x440 frames,DXT1 + full mip chain,[unit_category]_[unit_type] (direct priority 2),P14;CAH-XI,secure,Iranian mounted-archery role adapter complementary to cataphracts; it does not fix a noble-house contingent or field-army composition
antq_parthian_noble_lancers,Parthian Noble Lancers,land,complete,age_1_traditions,army_heavy_cavalry,assets_queue/generated/unit_icons/sheets/unit_sheet_09_eastern_specialists.png,top_right,assets_queue/generated/unit_icons/masters/antq_parthian_noble_lancers.png,assets_queue/generated/unit_icons/strips/army_heavy_cavalry_antq_parthian_noble_lancers_1080x440.png,main_menu/gfx/interface/illustrations/units/army_heavy_cavalry_antq_parthian_noble_lancers.dds,main_menu/gfx/interface/illustrations/units/masks/army_heavy_cavalry_antq_parthian_noble_lancers.dds,1080x440; 3x360x440 frames,DXT1 + full mip chain,[unit_category]_[unit_type] (direct priority 2),P14;CAH-XI,contested,Bounded noble-lancer role distinct from the general cataphract adapter and without a house contingent claim
antq_persian_gulf_patrol_craft,Persian Gulf Patrol Craft,navy,complete,age_1_traditions,navy_light_ship,assets_queue/generated/unit_icons/sheets/unit_sheet_17_arsacid_watercraft.png,top_right,assets_queue/generated/unit_icons/masters/antq_persian_gulf_patrol_craft.png,assets_queue/generated/unit_icons/strips/navy_light_ship_antq_persian_gulf_patrol_craft_1080x440.png,main_menu/gfx/interface/illustrations/units/navy_light_ship_antq_persian_gulf_patrol_craft.dds,main_menu/gfx/interface/illustrations/units/masks/navy_light_ship_antq_persian_gulf_patrol_craft.dds,1080x440; 3x360x440 frames,DXT1 + full mip chain,[unit_category]_[unit_type] (direct priority 2),P8.2;P8.5;P14;PER;CAH-XI,contested,A stitched-plank coastal patrol and escort adapter for Gulf ports and island passages without projecting later dhow rigs or a permanent state navy.
antq_philippine_outrigger_patrol,Philippine Outrigger Patrol,navy,complete,age_1_traditions,navy_light_ship,assets_queue/generated/unit_icons/sheets/unit_sheet_25_korean_philippine_navy.png,bottom_left,assets_queue/generated/unit_icons/masters/antq_philippine_outrigger_patrol.png,assets_queue/generated/unit_icons/strips/navy_light_ship_antq_philippine_outrigger_patrol_1080x440.png,main_menu/gfx/interface/illustrations/units/navy_light_ship_antq_philippine_outrigger_patrol.dds,main_menu/gfx/interface/illustrations/units/masks/navy_light_ship_antq_philippine_outrigger_patrol.dds,1080x440; 3x360x440 frames,DXT1 + full mip chain,[unit_category]_[unit_type] (direct priority 2),P8.9;P14;CAH-XI;NMP-PH-METAL,contested,"A bounded Philippine inter-island patrol adapter using locally plausible outrigger craft, not a reconstructed standardized state fleet."
antq_philippine_outrigger_transport,Philippine Outrigger Transport,navy,complete,age_1_traditions,navy_transport,assets_queue/generated/unit_icons/sheets/unit_sheet_25_korean_philippine_navy.png,bottom_right,assets_queue/generated/unit_icons/masters/antq_philippine_outrigger_transport.png,assets_queue/generated/unit_icons/strips/navy_transport_antq_philippine_outrigger_transport_1080x440.png,main_menu/gfx/interface/illustrations/units/navy_transport_antq_philippine_outrigger_transport.dds,main_menu/gfx/interface/illustrations/units/masks/navy_transport_antq_philippine_outrigger_transport.dds,1080x440; 3x360x440 frames,DXT1 + full mip chain,[unit_category]_[unit_type] (direct priority 2),P8.9;P14;CAH-XI;NMP-PH-METAL,contested,"A bounded Philippine inter-island carrier adapter using locally plausible outrigger craft, not a reconstructed standardized state fleet."
antq_pontic_monoxylon_patrol,Pontic Monoxylon Patrol,navy,complete,age_1_traditions,navy_light_ship,assets_queue/generated/unit_icons/sheets/unit_sheet_24_finnic_pontic_navy.png,bottom_left,assets_queue/generated/unit_icons/masters/antq_pontic_monoxylon_patrol.png,assets_queue/generated/unit_icons/strips/navy_light_ship_antq_pontic_monoxylon_patrol_1080x440.png,main_menu/gfx/interface/illustrations/units/navy_light_ship_antq_pontic_monoxylon_patrol.dds,main_menu/gfx/interface/illustrations/units/masks/navy_light_ship_antq_pontic_monoxylon_patrol.dds,1080x440; 3x360x440 frames,DXT1 + full mip chain,[unit_category]_[unit_type] (direct priority 2),P8.2;P14;CAH-XI,contested,"A bounded river-sea patrol adapter for the lower Pontic coast, not a reconstructed standardized state fleet."
antq_pontic_river_sea_transport,Pontic River-Sea Transport,navy,complete,age_1_traditions,navy_transport,assets_queue/generated/unit_icons/sheets/unit_sheet_24_finnic_pontic_navy.png,bottom_right,assets_queue/generated/unit_icons/masters/antq_pontic_river_sea_transport.png,assets_queue/generated/unit_icons/strips/navy_transport_antq_pontic_river_sea_transport_1080x440.png,main_menu/gfx/interface/illustrations/units/navy_transport_antq_pontic_river_sea_transport.dds,main_menu/gfx/interface/illustrations/units/masks/navy_transport_antq_pontic_river_sea_transport.dds,1080x440; 3x360x440 frames,DXT1 + full mip chain,[unit_category]_[unit_type] (direct priority 2),P8.2;P14;CAH-XI,contested,"A bounded river-sea carrier adapter for the lower Pontic coast, not a reconstructed standardized state fleet."
antq_quinquereme,Quinquereme,navy,complete,age_1_traditions,navy_galley,assets_queue/generated/unit_icons/sheets/unit_sheet_10_mediterranean_navy.png,bottom_left,assets_queue/generated/unit_icons/masters/antq_quinquereme.png,assets_queue/generated/unit_icons/strips/navy_galley_antq_quinquereme_1080x440.png,main_menu/gfx/interface/illustrations/units/navy_galley_antq_quinquereme.dds,main_menu/gfx/interface/illustrations/units/masks/navy_galley_antq_quinquereme.dds,1080x440; 3x360x440 frames,DXT1 + full mip chain,[unit_category]_[unit_type] (direct priority 2),P14;CAH-XI,contested,Larger Hellenistic-Roman galley with heavy crews and deck artillery
antq_roman_alae,Roman Alae,land,complete,age_1_traditions,army_light_cavalry,assets_queue/generated/unit_icons/sheets/unit_sheet_01_roman_core.png,bottom_left,assets_queue/generated/unit_icons/masters/antq_roman_alae.png,assets_queue/generated/unit_icons/strips/army_light_cavalry_antq_roman_alae_1080x440.png,main_menu/gfx/interface/illustrations/units/army_light_cavalry_antq_roman_alae.dds,main_menu/gfx/interface/illustrations/units/masks/army_light_cavalry_antq_roman_alae.dds,1080x440; 3x360x440 frames,DXT1 + full mip chain,[unit_category]_[unit_type] (direct priority 2),P14;CAH-XI,secure,Bounded early-imperial auxiliary-cavalry role adapter; it does not reconstruct an ala name strength or provincial posting
antq_roman_marines,Roman Marines,land,complete,age_1_traditions,army_heavy_infantry,assets_queue/generated/unit_icons/sheets/unit_sheet_01_roman_core.png,bottom_right,assets_queue/generated/unit_icons/masters/antq_roman_marines.png,assets_queue/generated/unit_icons/strips/army_heavy_infantry_antq_roman_marines_1080x440.png,main_menu/gfx/interface/illustrations/units/army_heavy_infantry_antq_roman_marines.dds,main_menu/gfx/interface/illustrations/units/masks/army_heavy_infantry_antq_roman_marines.dds,1080x440; 3x360x440 frames,DXT1 + full mip chain,[unit_category]_[unit_type] (direct priority 2),P14;CAH-XI,contested,Bounded Roman naval-infantry role adapter without a named fleet detachment or roster
antq_roman_sagittarii,Roman Sagittarii,land,complete,age_1_traditions,army_light_infantry,assets_queue/generated/unit_icons/sheets/unit_sheet_02_roman_specialists.png,top_left,assets_queue/generated/unit_icons/masters/antq_roman_sagittarii.png,assets_queue/generated/unit_icons/strips/army_light_infantry_antq_roman_sagittarii_1080x440.png,main_menu/gfx/interface/illustrations/units/army_light_infantry_antq_roman_sagittarii.dds,main_menu/gfx/interface/illustrations/units/masks/army_light_infantry_antq_roman_sagittarii.dds,1080x440; 3x360x440 frames,DXT1 + full mip chain,[unit_category]_[unit_type] (direct priority 2),P14;CAH-XI,contested,Bounded Roman auxiliary-archer role adapter without provincial posting or unit identity claims
antq_roman_scouts,Roman Exploratores,land,complete,age_1_traditions,army_light_cavalry,assets_queue/generated/unit_icons/sheets/unit_sheet_02_roman_specialists.png,top_right,assets_queue/generated/unit_icons/masters/antq_roman_scouts.png,assets_queue/generated/unit_icons/strips/army_light_cavalry_antq_roman_scouts_1080x440.png,main_menu/gfx/interface/illustrations/units/army_light_cavalry_antq_roman_scouts.dds,main_menu/gfx/interface/illustrations/units/masks/army_light_cavalry_antq_roman_scouts.dds,1080x440; 3x360x440 frames,DXT1 + full mip chain,[unit_category]_[unit_type] (direct priority 2),P14;CAH-XI,contested,Bounded Roman reconnaissance-cavalry role adapter without a named explorator corps
antq_sahel_javelin_company,Sahel Javelin Company,land,complete,age_1_traditions,army_light_infantry,assets_queue/generated/unit_icons/sheets/unit_sheet_21_african_american_companies.png,top_right,assets_queue/generated/unit_icons/masters/antq_sahel_javelin_company.png,assets_queue/generated/unit_icons/strips/army_light_infantry_antq_sahel_javelin_company_1080x440.png,main_menu/gfx/interface/illustrations/units/army_light_infantry_antq_sahel_javelin_company.dds,main_menu/gfx/interface/illustrations/units/masks/army_light_infantry_antq_sahel_javelin_company.dds,1080x440; 3x360x440 frames,DXT1 + full mip chain,[unit_category]_[unit_type] (direct priority 2),P8.5;P14;CAH-XI,contested,A mobile javelin-and-hide-shield gameplay role for savanna service without projecting a single ethnicity polity or later military system.
antq_saka_horse,Saka Horse,land,complete,age_1_traditions,army_light_cavalry,assets_queue/generated/unit_icons/sheets/unit_sheet_07_iranian_steppe.png,bottom_right,assets_queue/generated/unit_icons/masters/antq_saka_horse.png,assets_queue/generated/unit_icons/strips/army_light_cavalry_antq_saka_horse_1080x440.png,main_menu/gfx/interface/illustrations/units/army_light_cavalry_antq_saka_horse.dds,main_menu/gfx/interface/illustrations/units/masks/army_light_cavalry_antq_saka_horse.dds,1080x440; 3x360x440 frames,DXT1 + full mip chain,[unit_category]_[unit_type] (direct priority 2),P14;CAH-XI,secure,Era mercenary-company adapter for Saka-style mounted archers
antq_saxon_coastal_warband,Saxon Coastal Warband,land,complete,age_4_reformation,army_light_infantry,assets_queue/generated/unit_icons/sheets/unit_sheet_16_germania_late_confederations.png,bottom_right,assets_queue/generated/unit_icons/masters/antq_saxon_coastal_warband.png,assets_queue/generated/unit_icons/strips/army_light_infantry_antq_saxon_coastal_warband_1080x440.png,main_menu/gfx/interface/illustrations/units/army_light_infantry_antq_saxon_coastal_warband.dds,main_menu/gfx/interface/illustrations/units/masks/army_light_infantry_antq_saxon_coastal_warband.dds,1080x440; 3x360x440 frames,DXT1 + full mip chain,[unit_category]_[unit_type] (direct priority 2),P8.7;P14;STR-GER;CAH-XII,contested,"A late-Roman North Sea coastal-warband adapter, available only after AD 300 and not a claim for the later Adventus Saxonum outcome."
antq_seasonal_skirmishers,Seasonal Skirmishers,land,complete,age_1_traditions,army_light_infantry,assets_queue/generated/unit_icons/sheets/unit_sheet_19_levy_mercenary_floor.png,top_right,assets_queue/generated/unit_icons/masters/antq_seasonal_skirmishers.png,assets_queue/generated/unit_icons/strips/army_light_infantry_antq_seasonal_skirmishers_1080x440.png,main_menu/gfx/interface/illustrations/units/army_light_infantry_antq_seasonal_skirmishers.dds,main_menu/gfx/interface/illustrations/units/masks/army_light_infantry_antq_seasonal_skirmishers.dds,1080x440; 3x360x440 frames,DXT1 + full mip chain,[unit_category]_[unit_type] (direct priority 2),P14;CAH-XI,contested,A universal levy floor for seasonal light-foot service using locally available missiles and shields.
antq_semnonian_grove_muster,Semnonian Grove Muster,land,complete,age_1_traditions,army_heavy_infantry,assets_queue/generated/unit_icons/sheets/unit_sheet_15_germania_opening_depth.png,bottom_left,assets_queue/generated/unit_icons/masters/antq_semnonian_grove_muster.png,assets_queue/generated/unit_icons/strips/army_heavy_infantry_antq_semnonian_grove_muster_1080x440.png,main_menu/gfx/interface/illustrations/units/army_heavy_infantry_antq_semnonian_grove_muster.dds,main_menu/gfx/interface/illustrations/units/masks/army_heavy_infantry_antq_semnonian_grove_muster.dds,1080x440; 3x360x440 frames,DXT1 + full mip chain,[unit_category]_[unit_type] (direct priority 2),P8.7;P14;TAC-GER;STR-GER,contested,A district levy gathered under Semnonian sacred and assembly practice without turning the grove into a barracks or claiming uniform arms.
antq_south_arabian_highland_levies,South Arabian Highland Levies,land,complete,age_1_traditions,army_heavy_infantry,assets_queue/generated/unit_icons/sheets/unit_sheet_14_arabia.png,bottom_left,assets_queue/generated/unit_icons/masters/antq_south_arabian_highland_levies.png,assets_queue/generated/unit_icons/strips/army_heavy_infantry_antq_south_arabian_highland_levies_1080x440.png,main_menu/gfx/interface/illustrations/units/army_heavy_infantry_antq_south_arabian_highland_levies.dds,main_menu/gfx/interface/illustrations/units/masks/army_heavy_infantry_antq_south_arabian_highland_levies.dds,1080x440; 3x360x440 frames,DXT1 + full mip chain,[unit_category]_[unit_type] (direct priority 2),P8.5;P14;UNESCO-SABA;UNESCO-QATABAN;HIMYAR-HIST,contested,"Highland and terrace-country musters receive a restrained infantry adapter without claiming identical weapons, drill, or mobilization across the South Arabian kingdoms."
antq_spear_and_shield_infantry,Spear and Shield Infantry,land,complete,age_1_traditions,army_heavy_infantry,assets_queue/generated/unit_icons/sheets/unit_sheet_18_universal_ancient_floor.png,top_left,assets_queue/generated/unit_icons/masters/antq_spear_and_shield_infantry.png,assets_queue/generated/unit_icons/strips/army_heavy_infantry_antq_spear_and_shield_infantry_1080x440.png,main_menu/gfx/interface/illustrations/units/army_heavy_infantry_antq_spear_and_shield_infantry.dds,main_menu/gfx/interface/illustrations/units/masks/army_heavy_infantry_antq_spear_and_shield_infantry.dds,1080x440; 3x360x440 frames,DXT1 + full mip chain,[unit_category]_[unit_type] (direct priority 2),P14;CAH-XI,secure,A universal ancient heavy-foot floor using broadly attested spear-and-shield equipment; regional specialists remain stronger and more distinctive.
antq_state_oared_squadron,State Oared Squadron,navy,complete,age_1_traditions,navy_galley,assets_queue/generated/unit_icons/sheets/unit_sheet_29_capability_ladder.png,bottom_right,assets_queue/generated/unit_icons/masters/antq_state_oared_squadron.png,assets_queue/generated/unit_icons/strips/navy_galley_antq_state_oared_squadron_1080x440.png,main_menu/gfx/interface/illustrations/units/navy_galley_antq_state_oared_squadron.dds,main_menu/gfx/interface/illustrations/units/masks/navy_galley_antq_state_oared_squadron.dds,1080x440; 3x360x440 frames,DXT1 + full mip chain,[unit_category]_[unit_type] (direct priority 2),P14;CAH-XI,contested,A centrally supplied oared squadron representing durable state naval administration without asserting a single hull tradition.
antq_steppe_horse_archers,Steppe Horse Archers,land,complete,age_1_traditions,army_light_cavalry,assets_queue/generated/unit_icons/sheets/unit_sheet_07_iranian_steppe.png,bottom_left,assets_queue/generated/unit_icons/masters/antq_steppe_horse_archers.png,assets_queue/generated/unit_icons/strips/army_light_cavalry_antq_steppe_horse_archers_1080x440.png,main_menu/gfx/interface/illustrations/units/army_light_cavalry_antq_steppe_horse_archers.dds,main_menu/gfx/interface/illustrations/units/masks/army_light_cavalry_antq_steppe_horse_archers.dds,1080x440; 3x360x440 frames,DXT1 + full mip chain,[unit_category]_[unit_type] (direct priority 2),P14;CAH-XI,secure,Mounted-archery adapter for Xiongnu and adjacent steppe polities
antq_suebian_household_retinue,Suebian Household Retinue,land,complete,age_1_traditions,army_heavy_infantry,assets_queue/generated/unit_icons/sheets/unit_sheet_13_germania_baltic.png,top_right,assets_queue/generated/unit_icons/masters/antq_suebian_household_retinue.png,assets_queue/generated/unit_icons/strips/army_heavy_infantry_antq_suebian_household_retinue_1080x440.png,main_menu/gfx/interface/illustrations/units/army_heavy_infantry_antq_suebian_household_retinue.dds,main_menu/gfx/interface/illustrations/units/masks/army_heavy_infantry_antq_suebian_household_retinue.dds,1080x440; 3x360x440 frames,DXT1 + full mip chain,[unit_category]_[unit_type] (direct priority 2),P8.7;P14;STR-GER;TAC-GER;OCD-GER,contested,Prestige-bound fighting-following gameplay role for several Suebian-associated frames without asserting one federation doctrine uniform or permanent comitatus.
antq_sulawesi_lashed_lug_patrol,Lashed-Lug Patrol,navy,complete,age_1_traditions,navy_light_ship,assets_queue/generated/unit_icons/sheets/unit_sheet_26_sulawesi_kwale_navy.png,top_left,assets_queue/generated/unit_icons/masters/antq_sulawesi_lashed_lug_patrol.png,assets_queue/generated/unit_icons/strips/navy_light_ship_antq_sulawesi_lashed_lug_patrol_1080x440.png,main_menu/gfx/interface/illustrations/units/navy_light_ship_antq_sulawesi_lashed_lug_patrol.dds,main_menu/gfx/interface/illustrations/units/masks/navy_light_ship_antq_sulawesi_lashed_lug_patrol.dds,1080x440; 3x360x440 frames,DXT1 + full mip chain,[unit_category]_[unit_type] (direct priority 2),P8.9;P14;CAH-XI;ANU-SULAWESI,contested,"A bounded island and littoral patrol adapter using lashed-lug construction, not a reconstructed standardized state fleet."
antq_sulawesi_outrigger_transport,Outrigger Transport,navy,complete,age_1_traditions,navy_transport,assets_queue/generated/unit_icons/sheets/unit_sheet_26_sulawesi_kwale_navy.png,top_right,assets_queue/generated/unit_icons/masters/antq_sulawesi_outrigger_transport.png,assets_queue/generated/unit_icons/strips/navy_transport_antq_sulawesi_outrigger_transport_1080x440.png,main_menu/gfx/interface/illustrations/units/navy_transport_antq_sulawesi_outrigger_transport.dds,main_menu/gfx/interface/illustrations/units/masks/navy_transport_antq_sulawesi_outrigger_transport.dds,1080x440; 3x360x440 frames,DXT1 + full mip chain,[unit_category]_[unit_type] (direct priority 2),P8.9;P14;CAH-XI;ANU-SULAWESI,contested,"A bounded island and littoral carrier adapter using outrigger craft, not a reconstructed standardized state fleet."
antq_syrian_archers,Syrian Archer Company,land,complete,age_1_traditions,army_light_infantry,assets_queue/generated/unit_icons/sheets/unit_sheet_09_eastern_specialists.png,bottom_left,assets_queue/generated/unit_icons/masters/antq_syrian_archers.png,assets_queue/generated/unit_icons/strips/army_light_infantry_antq_syrian_archers_1080x440.png,main_menu/gfx/interface/illustrations/units/army_light_infantry_antq_syrian_archers.dds,main_menu/gfx/interface/illustrations/units/masks/army_light_infantry_antq_syrian_archers.dds,1080x440; 3x360x440 frames,DXT1 + full mip chain,[unit_category]_[unit_type] (direct priority 2),P14;CAH-XI,contested,Era archer-company adapter without a named Syrian regiment or client levy claim
antq_thracian_peltasts,Thracian Peltasts,land,complete,age_1_traditions,army_light_infantry,assets_queue/generated/unit_icons/sheets/unit_sheet_03_hellenistic.png,bottom_right,assets_queue/generated/unit_icons/masters/antq_thracian_peltasts.png,assets_queue/generated/unit_icons/strips/army_light_infantry_antq_thracian_peltasts_1080x440.png,main_menu/gfx/interface/illustrations/units/army_light_infantry_antq_thracian_peltasts.dds,main_menu/gfx/interface/illustrations/units/masks/army_light_infantry_antq_thracian_peltasts.dds,1080x440; 3x360x440 frames,DXT1 + full mip chain,[unit_category]_[unit_type] (direct priority 2),P14;CAH-XI,contested,Era light-infantry company adapter for Balkan and Hellenistic military labor markets without a fixed ethnic order of battle
antq_thureophoroi,Thureophoroi,land,complete,age_1_traditions,army_light_infantry,assets_queue/generated/unit_icons/sheets/unit_sheet_03_hellenistic.png,top_left,assets_queue/generated/unit_icons/masters/antq_thureophoroi.png,assets_queue/generated/unit_icons/strips/army_light_infantry_antq_thureophoroi_1080x440.png,main_menu/gfx/interface/illustrations/units/army_light_infantry_antq_thureophoroi.dds,main_menu/gfx/interface/illustrations/units/masks/army_light_infantry_antq_thureophoroi.dds,1080x440; 3x360x440 frames,DXT1 + full mip chain,[unit_category]_[unit_type] (direct priority 2),P14;CAH-XI,contested,Hellenistic flexible-infantry adapter; regional availability is deliberately bounded
antq_trireme,Trireme,navy,complete,age_1_traditions,navy_galley,assets_queue/generated/unit_icons/sheets/unit_sheet_10_mediterranean_navy.png,top_right,assets_queue/generated/unit_icons/masters/antq_trireme.png,assets_queue/generated/unit_icons/strips/navy_galley_antq_trireme_1080x440.png,main_menu/gfx/interface/illustrations/units/navy_galley_antq_trireme.dds,main_menu/gfx/interface/illustrations/units/masks/navy_galley_antq_trireme.dds,1080x440; 3x360x440 frames,DXT1 + full mip chain,[unit_category]_[unit_type] (direct priority 2),P14;CAH-XI,secure,Oared Mediterranean warship for ramming missile fire and boarding
antq_war_elephants,War Elephants,land,complete,age_1_traditions,army_heavy_cavalry,assets_queue/generated/unit_icons/sheets/unit_sheet_06_han_india_nubia.png,bottom_left,assets_queue/generated/unit_icons/masters/antq_war_elephants.png,assets_queue/generated/unit_icons/strips/army_heavy_cavalry_antq_war_elephants_1080x440.png,main_menu/gfx/interface/illustrations/units/army_heavy_cavalry_antq_war_elephants.dds,main_menu/gfx/interface/illustrations/units/masks/army_heavy_cavalry_antq_war_elephants.dds,1080x440; 3x360x440 frames,DXT1 + full mip chain,[unit_category]_[unit_type] (direct priority 2),P14;CAH-XI,contested,War-elephant adapter restricted to South Asian courts; its exact local supply is later economy work
antq_warbands,Warbands,land,complete,age_1_traditions,army_heavy_infantry,assets_queue/generated/unit_icons/sheets/unit_sheet_04_germanic.png,top_left,assets_queue/generated/unit_icons/masters/antq_warbands.png,assets_queue/generated/unit_icons/strips/army_heavy_infantry_antq_warbands_1080x440.png,main_menu/gfx/interface/illustrations/units/army_heavy_infantry_antq_warbands.dds,main_menu/gfx/interface/illustrations/units/masks/army_heavy_infantry_antq_warbands.dds,1080x440; 3x360x440 frames,DXT1 + full mip chain,[unit_category]_[unit_type] (direct priority 2),P14;CAH-XI,secure,Germanic Celtic and Brittonic levy-warband adapter; it does not claim a uniform tactical doctrine
antq_yellow_river_escort_company,Yellow River Escort Company,land,complete,age_1_traditions,army_heavy_infantry,assets_queue/generated/unit_icons/sheets/unit_sheet_20_han_indian_companies.png,top_right,assets_queue/generated/unit_icons/masters/antq_yellow_river_escort_company.png,assets_queue/generated/unit_icons/strips/army_heavy_infantry_antq_yellow_river_escort_company_1080x440.png,main_menu/gfx/interface/illustrations/units/army_heavy_infantry_antq_yellow_river_escort_company.dds,main_menu/gfx/interface/illustrations/units/masks/army_heavy_infantry_antq_yellow_river_escort_company.dds,1080x440; 3x360x440 frames,DXT1 + full mip chain,[unit_category]_[unit_type] (direct priority 2),P8.3;P14;CAH-XI,contested,A river-route spear escort adapter representing contracted and locally seconded guards rather than one named formation.
