# Projection RMSE: 48.9px; anchors are in map_projection_anchors.csv
tag,historical_capital,latitude,longitude,source,confidence,current_map_capital,predicted_x,predicted_y,nearest_locations
GAL,Tiberias,32.79000,35.54000,PLE;P8.1,secure,safed,9310.7,2989.8,sea_galilee (Sea of Galilee; 1.2px); safed (Safed; 5.9px); acre (Acre; 19.4px); dara (Dar'a; 21.1px); irbid (Irbid; 22.4px)
BAT,Caesarea Philippi,33.25000,35.69000,PLE;P8.1,secure,nawa,9318.1,2962.1,antilebanon_mountains1 (Antilebanon Mountains; 9.7px); sidon (Sidon; 13.7px); nawa (Nawa; 16.1px); deir_qamar (Dar Al-Qamar; 26.1px); damascus (Damascus; 26.3px)
NAB,Petra,30.32800,35.44400,PLE;P8.1,secure,shoubak,9307.3,3136.1,maan (Ma'an; 15.7px); shoubak (Shoubak; 16.0px); sughar (Sughar; 31.7px); northern_sinai_desert2 (Sinai Desert; 41.1px); al_quwayrah (Al-Quwayrah; 41.6px)
CAP,Tyana,37.96000,34.68000,PLE;P8.1,secure,bor_tur,9275.6,2673.1,nigde (Niğde; 4.0px); melendiz_mountains (Melendiz Mountains; 17.6px); yahyali (Yahyalı; 21.7px); middle_taurus_2 (Middle Taurus; 22.2px); bor_tur (Bor; 22.9px)
COM,Samosata,37.53000,38.47000,PLE;P8.1,secure,samsat,9447.3,2700.3,samsat (Samsat; 12.8px); kahta (Kahta; 17.4px); urfa (Urfa; 26.6px); birecik (Birecik; 29.1px); siverek (Siverek; 30.7px)
EME,Emesa,34.73000,36.72000,PLE;P8.1,secure,homs,9366.4,2872.4,homs (Homs; 2.5px); qusayr (Al Qusayr; 18.9px); salamiyya (Salamiyya; 22.0px); hama (Hama; 23.6px); huwwarin (Huwwarin; 26.4px)
THR,Seuthopolis,42.62000,25.32000,PLE;P8.1,secure,boruy,8849.6,2373.1,tryavna (Tryavna; 3.1px); hotalich (Hotalich; 18.5px); kran (Kran; 22.9px); tarnovo (Tarnovo; 25.7px); balkan_mountains6 (balkan_mountains6; 25.7px)
BOS,Cimmerian Bosporus,45.35000,36.65000,PLE:854675;P8.1,contested,taman,9365.7,2210.2,taman (Taman; 15.6px); strait_kerch (Strait of Kerch; 16.2px); temryuk_bay (Temryuk Bay; 21.5px); vosporo (Vosporo; 26.2px); mapa (Mapa; 43.6px)
PAR,Ctesiphon,33.10000,44.58000,PLE;P8.2,secure,baghdad,9723.8,2966.0,baghdad (Baghdad; 17.7px); baqubah (Baqubah; 24.9px); balad_ruz (Balad Ruz; 25.0px); an_nil (An-Nil; 30.8px); dayr_aqul (Dayr al-Aqul; 32.4px)
ELY,Susa,32.18993,48.25354,PLE:912936;P8.2,secure,shush,9889.3,3018.0,dezful (Dezfūl; 13.5px); shush (Shūsh; 14.6px); andimeshk (Āndīmeshḵ; 20.9px); abdanan (Abdanan; 33.3px); somaleh (Somāleh; 34.2px)
CHA,Charax Spasinu,30.80934,47.56280,PLE:912872;P8.2,contested,muhammerah,9858.4,3101.1,muhammerah (Al-Muhammerah; 18.9px); hoveyzeh (Hoveyzeh; 22.2px); basra (Basra; 28.7px); dowraq (Dowraq; 34.2px); abdas (Abdas; 35.1px)
PRS,Persepolis,29.93500,52.89100,PLE;P8.2,secure,istakhr,10097.3,3153.7,istakhr (Istakhr; 13.8px); zarqan (Zarqān; 19.7px); beyza (Beyzā; 23.6px); saadatshahr (Saādatshahr; 25.7px); shiraz (Širâz; 30.5px)
ATR,Ganzak,37.01226,46.20188,PLE:884148;P8.2,contested,malekan,9796.9,2728.4,malekan (Malekān; 7.2px); miandoab (Mīāndūāb; 16.9px); maragheh (Marāgheh; 21.4px); sain (Sa'īn; 29.3px); hashtrud (Hashtrūd; 32.3px)
ADI,Arbela,36.19000,44.01000,PLE;P8.2,secure,erbil,9698.1,2779.6,erbil (Erbil; 6.9px); akre (Akre; 29.7px); altun_kupri (Altun Kupri; 32.1px); mosul (Mosul; 34.3px); rawanduz (Rawanduz; 36.6px)
OSR,Edessa,37.14863,38.78670,PLE:658457;P8.2,secure,urfa,9461.5,2723.7,urfa (Urfa; 0.9px); harran (Harran; 29.4px); siverek (Siverek; 31.5px); suruc (Suruç; 31.5px); birecik (Birecik; 33.8px)
GOR,Corduene,37.68270,42.20054,PLE:874488;P8.2,contested,eruh,9616.4,2689.5,eruh (Eruh; 11.3px); east_taurus_7 (East Taurus; 12.0px); hizan (Hizan; 19.5px); sirnak (Şırnak; 23.9px); siirt (Siirt; 25.0px)
ARM,Artaxata,39.88000,44.58000,PLE;P8.2,secure,khor_virap,9723.9,2554.0,yerevan (Yerevan; 4.3px); lesser_caucasus_mountains7 (lesser_caucasus_mountains7; 18.6px); igdir (Igdir; 19.7px); khor_virap (Khor Virap; 22.1px); bjni (Bjni; 25.6px)
CLZ,Phasis,42.16000,41.67000,PLE;P8.2,secure,poti_caucasus,9592.7,2413.2,poti_caucasus (Poti; 11.2px); anaklia (Anaklia; 18.0px); ozurgeti (Ozurgeti; 26.0px); batumi (Batumi; 32.4px); tsalenjikha (Tsalenjikha; 32.7px)
ALC,Kabalaka,40.98000,47.84000,PLE;P8.2,secure,qabala,9870.6,2486.8,qabala (Qabala; 9.8px); greater_caucasus_mountains10 (greater_caucasus_mountains10; 11.9px); quba (Quba; 27.5px); vartashen (Vartashen; 28.2px); rutul (Rutul; 30.0px)
HAN,Chang'an,34.26500,108.95000,P8.3;BHR,secure,jingzhao,12648.3,2900.7,jingzhao (Jīngzhào; 4.4px); xianyang (Xiányáng; 13.7px); xianning_xian (Xiánníng; 15.7px); jingyang (Jīngyáng; 18.3px); sanyuan (Sānyuán; 19.5px)
GOG,Gungnae,41.15000,126.20000,SAM;P8.3,secure,ganggye,13434.7,2495.2,ganggye (Ganggye; 18.9px); chosan (Chosan; 22.9px); donggo (Donggo; 30.9px); western_korean_mountains1 (western_korean_mountains1; 44.5px); huju (Huju; 45.4px)
BUY,Buyeo,44.50000,125.20000,SAM;P8.3,secure,nongan,13389.5,2293.3,nongan (Nóng'ān; 19.4px); changchun (Chǎngchūn; 33.4px); gongjiang_jurchen (Gòngjiāng; 37.7px); itu_jilin (Itu; 58.6px); boduna (Boduna; 59.7px)
MAH,Mahan,35.17000,126.85000,SAM;P8.3,contested,naju,13463.5,2852.0,naju (Naju; 5.1px); yeonggwang (Yeonggwang; 12.6px); hwasun (Hwasun; 12.8px); gokseong (Gokseong; 17.4px); musong (Musong; 20.9px)
JIN,Jinhan,35.85000,129.22000,SAM;P8.3,contested,gyeongju,13571.6,2811.9,gyeongju (Gyeongju; 2.1px); ulju (Ulju; 15.1px); yeongju (Yeongju; 16.0px); yeongil (Yeongil; 18.1px); taegu (Taegu; 24.4px)
BYE,Byeonhan,35.23000,128.88000,SAM;P8.3,contested,uian,13556.0,2848.7,uian (Uian; 9.5px); dongnae (Dongnae; 12.1px); geoje (Geoje; 21.6px); miryang (Miryang; 21.7px); masan_bay (Masan Bay; 25.4px)
WAA,Yayoi polities,34.68000,135.83000,P8.3;CAH-XI,secure,nara,13872.6,2882.6,nara (Nara; 3.2px); takaichi (Katsuragi; 8.3px); osaka (Ōsaka; 11.8px); kuse (Kuse; 12.9px); iga (Iga; 17.0px)
ISK,Taxila,33.74569,72.81521,PLE:60083;P8.4,contested,attock,11000.8,2923.2,attock (Attock; 10.6px); sherwan (Sherwan; 20.6px); rawalpindi (Rawalpindi; 22.8px); mardan (Mardan; 29.0px); agror (Agror; 35.8px)
CHL,Uraiyur,10.84000,78.72000,PLE;P8.4,secure,srirangam,11274.3,4241.9,srirangam (Srirangam; 8.1px); tiruccirapalli (Tiruccirapalli; 18.5px); thanjavur (Thanjavur; 24.4px); puddokothai (Puddokothai; 28.7px); jayankondam (Jayankondam; 29.0px)
KUS,Meroe,16.94000,33.75000,PLE;P8.5,secure,shendi,9232.3,3929.7,shendi (Shendi; 18.1px); ed_damer (Ed Damer; 27.7px); qerri (Qerri; 41.4px); el_metemma (El Metemma; 41.8px); soba (Soba; 60.8px)
BLM,Talmis,23.60976,32.76937,PLE:795868;P8.5,secure,kalabsha,9190.3,3532.8,kalabsha (Kalabsha; 9.1px); aswan (Aswan; 28.8px); qasr_ibrim (Qasr Ibrim; 45.7px); kom_ombo (Kom Ombo; 57.0px); horn_desert_corridor1 (Horn Desert Corridor; 59.8px)
GAR,Garama,26.55000,13.00000,PLE;P8.5,secure,ubari,8287.6,3350.3,ubari (Ubari; 8.4px); murzuk (Murzuk; 45.1px); brak (Brak; 63.2px); sabha (Sabha; 73.0px); zawila (Zawila; 90.8px)
HIM,Zafar,14.20000,44.40000,PLE;P8.6,secure,dhafar,9714.2,4088.1,musaymir (Al-Musaymīr; 7.9px); ibb ('Ibb; 10.1px); haraz_mountains4 (haraz_mountains4; 20.7px); yahr (Yahr; 25.9px); dhafar (Ḏafār; 26.8px)
KIN,Qaryat al-Faw,20.10000,45.10000,PLE;P8.6,secure,aqiq_banu_uqayi,9746.8,3740.1,aqiq_banu_uqayi ('Aqiq Banū 'Uqayl; 30.4px); tamrah (Tamrah; 40.5px); habiyah (Habiyah; 55.0px); qasr_himam (Qasr-Himam; 74.7px); ar_rakbah2 (ar_rakbah2; 81.9px)
BTV,Batavodurum,51.84167,5.85867,PLE:98921;P8.7,secure,nijmegen,7959.9,1788.3,nijmegen (Nijmegen; 5.4px); cuijk (Cuijk; 9.1px); kleve (Kleve; 18.9px); arnhem (Arnhem; 22.6px); geldern (Geldern; 23.1px)
ICE,Venta Icenorum,52.58348,1.29097,PLE:79735;P8.7,secure,norwich,7751.5,1741.0,norwich (Norwich; 7.1px); lowestoft (Lowestoft; 11.8px); thetford (Thetford; 16.5px); yarmouth (Yarmouth; 19.6px); ipswich (Ipswich; 28.4px)
BRI,Isurium,54.09063,-1.38334,PLE:89209;P8.7,secure,ripon,7628.6,1638.8,ripon (Ripon; 13.6px); york (York; 17.8px); pontefract (Pontefract; 18.9px); leeds (Leeds; 21.9px); bedale (Bedale; 25.3px)
ATB,Calleva,51.35720,-1.08239,PLE:79368;P8.7,secure,basingstoke,7643.6,1814.6,basingstoke (Basingstoke; 10.6px); windsor (Windsor; 11.5px); reading (Reading; 12.8px); henley (Henley; 15.5px); wycombe (Wycombe; 21.2px)
SIL,Bullaeum,51.61112,-2.76804,PLE:79733;P8.7,secure,monmouth,7565.7,1797.5,monmouth (Monmouth; 10.5px); newport (Newport; 12.4px); bristol (Bristol; 15.3px); portishead (Portishead; 20.7px); gloucester (Gloucester; 21.2px)
CAL,Caledonian Forest,57.05217,-3.89287,PLE:89132;P8.7,secure,inverness,7514.7,1450.0,scone (Dunkeld; 11.1px); aberfeldy (Aberfeldy; 14.6px); ochil_hills (ochil_hills; 21.0px); perth (Perth; 22.0px); clackmannan (Clackmannan; 27.0px)
XIO,Longcheng,43.50000,117.80000,P8.3;CAH-XI,secure,qingzhou_mongol,13052.6,2352.6,pingdisonglin (Píngdìsōnglín; 12.4px); qingzhou_mongol (Qìngzhōu; 49.5px); yingchang (Yīngchāng; 50.2px); dalai_nur_lake (Dalai Nur; 53.0px); songzhou (Sōngzhōu; 67.3px)
SAT,Pratishthana,19.48000,75.38000,P8.4;CAH-XI,contested,daulatabad,11121.3,3748.9,daulatabad (Daulatabad; 8.2px); jalna (Jalna; 30.3px); ahmednagar (Ahmednagar; 31.7px); sindkedh (Sindkedh; 32.6px); bir (Bir; 44.9px)
KUN,Kuninda,30.37000,77.89000,P8.4;CAH-XI,secure,kalsi,11233.9,3117.3,kalsi (Kalsi; 14.0px); nahan (Nahan; 18.3px); hanol (Hanol; 23.0px); gangadvara (Gangadvara; 25.1px); soonpur (Soonpur; 26.4px)
BEJ,Beja country,19.00000,36.00000,P8.5;CAH-XI,secure,khawr_nubt,9335.0,3808.2,khawr_nubt (Khawr Nubt; 15.2px); suakin (Suakin; 71.6px); atbara (Atbara; 73.4px); khawr_baraka (Khawr Baraka; 79.3px); badi (Badi; 80.1px)
QAT,Timna,14.55000,45.57000,P8.6;CAH-XI,secure,bayhan,9767.3,4067.1,al_bayda_yemen (Al-Bayḍā'; 10.5px); al_qara (Al-Qāra; 20.9px); juban (Juban; 24.7px); lawdar (Lawdar; 27.2px); markha (Markha; 28.1px)
CRU,Lower Weser,52.80000,9.00000,P8.7;CAH-XI,secure,nienburg,8105.2,1725.4,nienburg (Nienburg; 8.2px); hoya (Hoya; 17.4px); achim (Achim; 20.3px); neustadt_am_rubenberge (Neustadt am Rübenberge; 21.0px); fallingbostel (Fallingbostel; 25.3px)
CHT,Hesse,51.00000,9.00000,P8.7;CAH-XI,secure,ziegenhain,8104.5,1848.0,ziegenhain (Ziegenhain; 6.6px); alsfeld (Alsfeld; 11.7px); frankenberg (Frankenberg; 14.9px); melsungen (Melsungen; 17.4px); giessen (Giessen; 20.3px)
FRI,Frisia,53.20000,5.50000,P8.7;CAH-XI,secure,stavoren,7943.8,1702.0,stavoren (Stavoren; 3.0px); harlingen (Harlingen; 12.3px); wadden_sea (Wadden Sea; 15.9px); sloten (Sloten; 17.4px); leeuwarden (Leeuwarden; 24.2px)
LAN,Lower Elbe,53.30000,10.00000,P8.7;CAH-XI,secure,winsen,8151.5,1692.8,winsen (Winsen; 4.5px); luneburg (Lüneburg; 13.7px); ebstorf (Ebstorf; 14.6px); harburg (Harburg; 16.3px); soltau (Soltau; 16.6px)
SEM,Elbe basin,52.50000,13.00000,P8.7;CAH-XI,secure,teltow,8290.3,1749.5,teltow (Teltow; 9.8px); treuenbrietzen (Treuenbrietzen; 15.8px); potsdam (Potsdam; 19.9px); zossen (Zossen; 21.6px); berlin (Berlin; 24.3px)
HER,Thuringia,51.00000,11.00000,P8.7;CAH-XI,secure,erfurt,8198.6,1843.0,erfurt (Erfurt; 6.8px); weimar (Weimar; 7.0px); arnstadt (Arnstadt; 19.5px); beichlingen (Beichlingen; 20.5px); langensalza (Langensalza; 20.8px)
QUA,Danube valley,48.60000,17.00000,P8.7;CAH-XI,secure,holic,8472.2,1990.7,holic (Holíč; 8.8px); hodonin (Hodonín; 14.8px); hradiste (Hradiště; 24.3px); bratislava (Prešporok; 25.1px); mistelbach (Mistelbach; 26.3px)
GUT,Vistula delta,54.35000,18.70000,P8.7;CAH-XI,secure,gdansk,8551.3,1611.0,gdansk (Gdańsk; 10.2px); tczew (Tczew; 24.9px); malbork (Malbork; 25.8px); elblag (Elbląg; 27.1px); puck (Puck; 34.0px)
VAN,Oder basin,52.40000,14.70000,P8.7;CAH-XI,secure,torzym,8368.1,1756.5,torzym (Torzym; 11.6px); krosno_odrzanskie (Krosno Odrzańskie; 17.2px); guben (Guben; 18.6px); lebus (Lebus; 27.5px); sulechow (Sulechów; 30.5px)
RUG,Pomerania,54.20000,16.20000,P8.7;CAH-XI,secure,bobolice,8437.0,1627.5,bobolice (Bobolice; 11.9px); koszalin (Koszalin; 12.5px); slawno (Sławno; 16.0px); bialogard (Białogard; 21.8px); miastko (Miastko; 28.9px)
BRG,Oder basin,53.40000,14.50000,P8.7;CAH-XI,secure,gryfow,8358.9,1688.1,gryfow (Gryfów; 10.7px); goleniow (Goleniów; 14.1px); pyrzyce (Pyrzyce; 17.7px); stettin (Stettin; 17.8px); soltyn (Sołtyń; 27.3px)
ANG,Angeln,54.80000,9.50000,P8.7;CAH-XI,secure,slesvig,8128.7,1594.4,slesvig (Slesvig; 5.0px); flensburg (Flensburg; 9.8px); eckernforde (Eckernforde; 16.7px); aabenraa (Aabenraa; 26.2px); husum (Husum; 29.8px)
SAX,Lower Elbe,53.25000,9.80000,P8.7;CAH-XI,secure,soltau,8142.3,1696.1,soltau (Soltau; 6.9px); winsen (Winsen; 12.5px); harburg (Harburg; 14.6px); ebstorf (Ebstorf; 20.3px); luneburg (Lüneburg; 23.5px)
JUT,Jutland,56.00000,9.00000,P8.7;CAH-XI,secure,grindsted,8106.2,1515.5,grindsted (Grindsted; 3.6px); kolding (Kolding; 24.0px); varde (Varde; 26.4px); ribe (Ribe; 31.0px); bolling (Bølling; 31.7px)
SUI,Uppland,59.85000,17.63000,P8.7;CAH-XI,secure,uppsala,8508.4,1215.9,uppsala (Uppsala; 8.5px); enkoping (Enköping; 23.7px); heby (Heby; 29.3px); norrtalje (Norrtälje; 35.4px); tierp (Tierp; 35.8px)
AES,Sambian amber coast,54.80000,20.50000,P8.7;CAH-XI,secure,konigsberg,8633.9,1574.9,konigsberg (Königsberg; 8.3px); fischhausen (Fischhausen; 20.7px); curonian_lagoon (Curonian Lagoon; 23.0px); brandenburg_prussia (Brandenburg; 26.0px); labiau (Labiau; 27.0px)
VEN,Vistula basin,51.70000,20.00000,P8.7;CAH-XI,secure,rawa,8609.1,1794.5,rawa (Rawa; 9.4px); lodz (Łódź; 16.7px); biala_rawska (Biała Rawska; 18.5px); zarnow (Żarnów; 27.2px); opoczno (Opoczno; 29.8px)
FIN,Finnic coast,60.20000,24.80000,P8.7;CAH-XI,secure,helsinge,8832.5,1217.9,west_gulf_of_finland (Western Gulf of Finland; 6.0px); tallinn (Tallinn; 37.3px); helsinge (Helsinge; 39.7px); sjundea (Sjundeå; 48.1px); porvoo (Porvoo; 54.7px)
GET,Lower Danube,44.40000,27.90000,P8.7;CAH-XI,secure,orasul_de_floci,8967.6,2262.0,orasul_de_floci (Oraşul de Floci; 12.7px); harsova (Hârșova; 14.1px); viziru (Viziru; 23.4px); babadag (Babadag; 26.1px); cernavoda (Cernavodă; 27.5px)
BAS,Carpathian foreland,47.00000,25.00000,P8.7;CAH-XI,secure,vatra_dornei,8834.7,2091.9,eastern_carpathians5 (eastern_carpathians5; 5.1px); vatra_dornei (Vatra Dornei; 8.7px); reghin (Reghin; 19.0px); eastern_carpathians3 (eastern_carpathians3; 20.7px); eastern_carpathians5b (eastern_carpathians5b; 24.4px)
KHW,Khwarazm,42.30000,59.70000,P8.8;CHG,secure,kath,10403.2,2414.8,nyzvar (Nyzvar; 9.8px); urgench (Urgench; 32.7px); xojeli (Xojeli; 39.9px); kyat_kala (Kyat Kala; 45.9px); kath (Kath; 46.9px)
DNG,Upper Yenisei,51.70000,94.50000,P8.8;CAH-XI,secure,tes,11993.5,1845.9,tes (Tes; 46.5px); buren_khem (Buren; 56.1px); den_terek (Dën-Terek; 58.6px); ulug (Ulug; 62.1px); turuum (Turuum; 85.8px)
PYU,Beikthano,20.10000,95.50000,P8.9;CAH-XI,secure,magway,12036.8,3722.0,magway (Magway; 7.9px); taungdwingyi (Taungdwingyi; 19.2px); salay (Salay; 30.7px); nwamethin (Nwamethin; 31.1px); sagu (Sagu; 32.5px)
MON,Lower Chao Phraya,13.80000,100.50000,P8.9;CAH-XI,secure,chaisri,12263.8,4097.9,ayodhya (Ayodhya; 25.4px); bight_ayodhya (Bight of $ayodhya$; 25.8px); chaisri (Nakhon Chaisri; 27.0px); dong_lakhon (Dong Lakhon; 33.7px); phanat (Phanat; 35.7px)
KHM,Mekong basin,13.41000,103.86000,P8.9;CAH-XI,secure,angkor,12416.4,4125.3,tonle_sap_lake (Tonlé Sap Lake; 12.7px); prasat_don_an (Prasat Don An; 23.3px); angkor (Angkor; 24.7px); battambang (Battambang; 27.4px); beng_mealea (Beng Mealea; 27.5px)
MAL,Malay Peninsula,5.42000,100.34000,P8.9;CAH-XI,contested,kedah,12256.2,4592.0,beruas (Beruas; 25.6px); perak_coast (Perak Coast; 29.3px); manjung (Manjung; 41.2px); kedah_coast (Kedah Coast; 49.0px); titiwangsa_mountains (titiwangsa_mountains; 56.5px)
JAV,Java,-7.80000,110.37000,P8.9;CAH-XI,contested,mataram,12710.5,5395.6,indonesia_high_sea26 (Indonesia High Sea; 10.8px); southern_java_coast (Southern Java Coast; 86.1px); indonesia_high_sea27 (Indonesia High Sea; 92.3px); sumbreng_bay (Sumbreng Bay; 97.6px); indonesia_high_sea21 (Indonesia High Sea; 109.4px)
LZC,Northwest Luzon,16.05000,120.35000,NMP-PH-METAL;NMP-PH-JARS,contested,binalatongan,13166.2,3983.2,bayambang (Bayambang; 11.2px); binalatongan (Binalatongan; 13.1px); botolan (Botolan; 15.5px); magalo (Magalo; 24.3px); bolinao (Bolinao; 29.8px)
CXR,Central Luzon,14.90000,120.85000,NMP-PH-METAL;NMP-PH-JARS,contested,pulilan,13189.0,4051.4,maynila (Maynila; 6.1px); manila_bay (Manila Bay; 19.9px); lake_bay (Lake Bay; 20.4px); lake_taal (Lake Taal; 22.6px); bay (Bay; 23.8px)
MBL,Manila Bay-Laguna,14.60000,120.98000,NMP-PH-METAL;NMP-PH-JARS,contested,maynila,13194.9,4069.2,lake_taal (Lake Taal; 5.0px); kumintang (Kumintáng; 10.7px); maynila (Maynila; 12.9px); bay (Bay; 15.0px); lake_bay (Lake Bay; 23.2px)
BCP,Bicol Peninsula,13.62000,123.19000,NMP-PH-METAL;NMP-PH-JARS;BELLINA-SHK,contested,naga_bikol,13295.4,4128.2,matandang_nayon (Matandang Nayon; 15.4px); ragay_gulf (Ragay Gulf; 25.9px); sawangan (Sawangan; 27.1px); ibalong (Ibalong; 32.4px); san_bernandino_strait (San Bernandino; 39.9px)
MDR,Mindoro,13.41000,121.18000,ATENEO-MINDORO;NMP-PH-JARS,contested,kalapang,13203.9,4139.6,mangarin (Mangarin; 10.8px); basud (Basud; 12.0px); lake_naujan (Lake Naujan; 24.6px); kalapang (Kalapang; 26.3px); mamburao (Mamburao; 35.6px)
PNY,Panay,10.72000,122.56000,NMP-PH-METAL;NMP-PH-JARS;BELLINA-SHK,contested,irong_irong,13266.6,4299.4,ilog (Ilog; 13.8px); binalbagan (Binalbagan; 30.7px); tolong_bay (Tolong Bay; 33.1px); tanjay (Tanjay; 37.0px); tanon_strait (Tañon Strait; 45.9px)
NGR,Negros,9.52000,123.16000,NMP-PH-METAL;NMP-PH-JARS,contested,tanjay,13293.8,4370.7,sindangan_bay (Sindangan Bay; 11.1px); dapitan (Dapitan; 15.6px); sindangan (Sindangan; 28.1px); panaon (Panaon; 31.4px); tanjay (Tanjay; 45.0px)
CBH,Cebu-Bohol,10.30000,123.90000,NMP-KALANAY;BELLINA-SHK,contested,singhapala,13327.6,4325.0,bohol_sea (Bohol Sea; 11.4px); bool (Bo-ol; 14.9px); tanjay (Tanjay; 35.0px); singhapala (Singhapala; 35.5px); talibon (Talibon; 36.1px)
PLW,Palawan,10.82000,119.52000,NMP-TABON;NMP-PH-JARS,contested,taytay,13128.3,4291.8,green_island_bay (Green Island Bay; 18.4px); babuyan (Babuyan; 21.7px); taytay (Taytay; 41.3px); aborlan (Aborlan; 61.5px); cuyo_west_passage (Cuyo West Passage; 76.7px)
AGS,Agusan,8.95000,125.54000,NMP-PH-METAL;NMP-PH-JARS,contested,butuan,13402.1,4405.7,dibabawon (Dibabawon; 14.9px); silae (Silae; 15.5px); talacogon (Talacogon; 22.1px); ata_mindanao (Ata; 23.6px); minduso (Minduso; 30.4px)
LNO,Lanao,7.59000,124.07000,NMP-PH-METAL;NMP-PH-JARS,contested,malabang,13335.2,4485.5,kalamansig (Kalamansig; 12.8px); malatuna_point (Malatuna Point; 25.9px); tboli (Tboli; 26.1px); buayan (Buayan; 32.8px); moro_gulf (Moro Gulf; 40.0px)
PCT,Pulangi-Cotabato,7.20000,124.25000,NMP-PH-METAL;NMP-PH-JARS,contested,kuta_watu,13343.3,4508.7,kalamansig (Kalamansig; 20.3px); tboli (Tboli; 26.1px); malatuna_point (Malatuna Point; 27.1px); sarangani_bay (Sarangani Bay; 27.2px); buluan (Buluan; 43.8px)
MTT,Sarangani,6.12000,125.17000,CCP-MAITUM;NMP-PH-JARS,contested,makar,13385.1,4573.1,sarangani_strait (Sarangani Strait; 24.4px); sarangani_bay (Sarangani Bay; 51.3px); sarangani (Sarangani; 53.8px); makar (Makar; 68.2px); tagulandang_strait (Tagulandang Strait; 72.1px)
ZBG,Zamboanga Peninsula,6.90000,122.08000,NMP-PH-METAL;NMP-PH-JARS;BELLINA-SHK,contested,samboangan,13244.6,4525.2,samales_islands (Samales Islands; 5.5px); lamitan (Lamitan; 43.0px); maimbung (Maimbung; 43.3px); pangutaran_group (Pangutaran Group; 70.5px); sibuguey_bay (Sibuguey Bay; 73.3px)
SLU,Sulu Archipelago,5.93000,121.03000,NMP-PH-METAL;NMP-PH-JARS;BELLINA-SHK,contested,maimbung,13196.7,4582.0,tapul_group (Tapul Group; 33.4px); bongao (Bongao; 48.4px); maimbung (Maimbung; 65.1px); samales_islands (Samales Islands; 70.1px); lahad_latu_bay (Lahad Latu Bay; 79.1px)
TON,Western Polynesia,-21.18000,-175.20000,P8.9;CAH-XI,secure,tongatapu,16096.2,6078.5,eua (Eua; 49.6px); tongatapu_coast (Tongatapu Coast; 54.1px); tongatapu_high_sea_4 (Tongatapu High Sea; 55.7px); tongatapu (Tongatapu; 58.8px); tongatapu_atoll (Tongatapu Atoll; 68.5px)
CUI,Cuicuilco,19.30000,-99.18000,P8.10;CAH-XI,contested,azcapotzalco,3178.5,3755.9,azcapotzalco (Azcapotzalco; 6.3px); texcoco_lake (Lake Texcoco; 7.1px); tlacopan (Tlacōpan; 10.8px); xaltocan (Xaltocan; 17.1px); tehotihuacan (Teōtīhuacān; 17.2px)
MAY,Tikal,17.22000,-89.62000,P8.10;CAH-XI,secure,yax_mutal,3613.0,3874.8,yax_mutal (Mutal; 24.0px); tzunuun (Tzunu'un; 26.5px); wak_kabnal (Wak Kab'nal; 28.6px); maya_jungle (Maya Jungle; 34.9px); xunantunich (Xunantunich; 40.7px)
ZAP,Monte Alban,17.04000,-96.77000,P8.10;CAH-XI,secure,sosola,3287.9,3890.6,sosola (Sosola; 4.8px); ixtlan (Ixtlan; 11.9px); nudo_zempoaltepetl (Nudo zempoaltepetl; 11.9px); yodzocahi (Yodzocahi; 16.3px); yucucui (Yucucui; 16.3px)
EPI,La Mojarra,18.60000,-95.00000,P8.10;CAH-XI,secure,tlacotlalpan,3368.6,3798.0,sontecomapan_lagoon (Sontecomapan Lagoon; 16.5px); tozlan (Tozlan; 25.8px); atzaccan (Atzaccan; 29.6px); tlacotlalpan (Tlacotlalpan; 33.2px); coatzacoalcos_bay (Coatzacoalcos Bay; 37.2px)
NYS,Nayarit shaft-tomb valleys,21.05000,-104.48000,INAH-WEST-SHAFT;INAH-WEST-MEXICO,contested,ahuacatlan,2937.4,3647.2,tzapotzingo (Tzapotzingo; 15.3px); hostotipaquillo (Hostotipaquillo; 18.0px); sentispac (Sentispac; 26.1px); ahuacatlan (Ahuacatlan; 28.3px); nayarit (Nayarit; 33.1px)
TJC,Central Jalisco Teuchitlan networks,20.77000,-104.08000,INAH-TEUCHITLAN;INAH-WEST-MEXICO,contested,etzatlan,2955.6,3664.3,hostotipaquillo (Hostotipaquillo; 7.8px); xochitepec (Xochitepec; 18.0px); ahuacatlan (Ahuacatlan; 21.2px); etzatlan (Etzatlan; 25.7px); tzapotzingo (Tzapotzingo; 27.4px)
SJB,Southern Jalisco basins,19.88000,-103.60000,INAH-WEST-SHAFT;INAH-WEST-MEXICO,contested,sayula,2977.4,3717.9,cutzalan (Cutzalan; 2.2px); tlaxomulco (Tlaxomulco; 12.7px); huitzquilic (Huitzquilic; 13.7px); cocollan (Cocollan; 14.5px); sayula (Sayula; 20.0px)
COL,Colima and Coahuayana valleys,19.24000,-103.72000,INAH-COLIMA;INAH-WEST-SHAFT,contested,coliman,2971.8,3755.9,amollan (Amollan; 10.0px); tlayolan (Tlayolan; 16.6px); tochpan (Tochpan; 17.4px); coliman (Coliman; 25.3px); sayula (Sayula; 26.2px)
BJC,Chupicuaro-facing Bajio communities,20.21000,-101.13000,INAH-CHUPICUARO;INAH-WEST-MEXICO,contested,yuririapundaro,3089.9,3700.5,xiriquitzio (Xiriquitzio; 1.6px); nat_tha_hi (Nat tha hi; 19.6px); mo_o_ti (Mo o ti; 19.6px); yuririapundaro (Yuririapundaro; 22.7px); cocomacan (Cocomacan; 28.2px)
PHC,Patzcuaro highlands,19.51000,-101.61000,INAH-WEST-MEXICO,contested,patzcuaro,3067.9,3741.9,zacapu (Zacapu; 5.9px); tzintzuntzan (Tzintzuntzan; 13.2px); patzcuaro_lake (Lake Patzcuaro; 13.7px); angamacutiro (Angamacutiro; 14.1px); huandacareo (Huandacareo; 15.8px)
MBC,Central Michoacan basins,19.86000,-100.83000,INAH-WEST-MEXICO,contested,zinapecuaro,3103.5,3721.6,acambaro (Acambaro; 4.6px); yuririapundaro (Yuririapundaro; 17.2px); nat_tha_hi (Nat tha hi; 19.8px); cuitzeo_lake (Lake Cuitzeo; 20.6px); zinapecuaro (Zinapecuaro; 21.3px)
TVC,Toluca Valley formative communities,19.57000,-99.77000,INAH-TOLUCA,contested,ixtlahuaca,3151.7,3739.6,tollan (Tōllān; 10.6px); xilotepec (Xilotepec; 12.5px); cuauhtitlan (Cuauhtitlan; 12.8px); ixtlahuaca (Ixtlahuaca; 15.0px); tlalpujahua (Tlalpujahua; 17.9px)
MZC,Mezcala and upper Balsas communities,18.29000,-99.46000,INAH-MEZCALA,contested,tepecoacuilco,3165.6,3815.8,amaticoztitlan (Amaticoztitlan; 11.9px); tlachco (Tlachco; 13.5px); tepecoacuilco (Tepecoacuilco; 16.8px); cuauhnahuac (Cuauhnahuac; 19.4px); malinalco (Malinalco; 19.4px)
JZH,Jalisco-Zacatecas highland corridors,21.20000,-103.50000,INAH-WEST-SHAFT;INAH-WEST-MEXICO,contested,huaxtla,2982.1,3639.3,teulinchan (Tlaltenango; 6.6px); xochipillan (Xochipillan; 24.4px); tepecan (Tepecan; 34.6px); nochistlan (Nochistlan; 38.0px); hostotipaquillo (Hostotipaquillo; 40.4px)
SDR,Sonoran Desert river and farming communities,32.00000,-111.00000,NPS-SONORAN,contested,shiewhibak,2641.3,2978.1,akimel_oodham (Akimeḍ; 19.6px); nadah_dogalnine (Nadah dogalnine; 26.7px); tse_binestie (Tsé Binest'i'é; 35.6px); liinabaha (Łįįnábáha; 45.0px); guwevkabaya (Guwevkabaya; 46.5px)
VIR,Cerro Oreja and the Virú-Moche valleys,-8.11000,-79.03000,P8.10;PNAS-VIR;WIL-GAL,contested,chan_chan,4089.0,5279.8,chan_chan (Chan Chan; 9.5px); farfan (Farfan; 26.1px); chimu (Chimu; 29.4px); tantaricuy (Tantaricuy; 32.1px); quiruvilca_mountains (Quiruvilca Mountains; 36.9px)
LIM,Maranga and the central-coast valleys,-12.05000,-77.05000,P8.10;CAH-XI,secure,rimaq,4178.3,5502.6,rimaq (Rimaq; 11.6px); collique (Collique; 18.7px); saint_lorenzo_island (Saint Lorenzo Island; 24.5px); ishma (Ishma; 30.9px); huarochiri (Huarochiri; 31.4px)
REC,Callejón de Huaylas,-9.53000,-77.53000,P8.10;CAH-XI,secure,waricoto,4156.9,5358.2,waricoto (Waricoto; 4.9px); willcahuain (Willcahuain; 13.9px); pampacancha_mountains (Pampacancha Mountains; 14.3px); yerupaja_mountains (Yerupaja Mountains; 19.4px); chavin (Chavin; 24.3px)
HRC,Altiplano Cundiboyacense,4.71700,-74.21200,QINT-HERRERA;P8.10,contested,funza,4310.7,4554.5,paribari (Paribari; 5.2px); tablazo_mountains (Tablazo Mountains; 13.5px); guaduas (Guaduas; 13.7px); chicaquicha (Chicaquicha; 19.6px); yacupipizote (Yacupipizote; 23.1px)
SNE,Sierra Nevada northwestern slopes,11.21000,-74.12000,CAM-SNSM;P8.10,contested,chayrama,4316.1,4189.3,santa_maria_bay (Santa Maria Bay; 17.0px); camarones_mouth (Camarones Mouth; 42.3px); yaharo (Yaharo; 48.3px); chayrama (Chayrama; 51.0px); galerazamba_coast (Galerazamba Coast; 63.2px)
LRC,Loja and Catamayo valleys,-4.21900,-79.25900,GUFFROY-LOJA;OGBURN-LOJA;P8.10,contested,malacatos,4079.4,5061.1,cangochamba (Cangochamba; 17.8px); solamaco_mountains (Solamaco Mountains; 17.9px); malacatos (Malacatos; 18.8px); yazne (Yazne; 26.3px); calvas (Calvas; 28.0px)
HOP,Ohio Valley,39.38000,-83.00000,P8.10;CAH-XI,secure,olentangy,3915.1,2528.2,olentangy (Oletangy; 8.6px); kokosing (Kokosing; 21.6px); shapoquate (Shapoquate; 40.1px); sandusky (Sandusky; 50.1px); chianouske (Chianouske; 52.0px)
BSK,Four Corners,37.20000,-109.90000,P8.10;CAH-XI,secure,moanunts,2691.6,2662.7,wasatch (Wasatch; 28.9px); moanunts (Moanunts; 36.4px); uncompaghre (Uncompaghre; 39.5px); winimuc (Winimuc; 60.4px); uintah (Uintah; 69.3px)
DOR,Arctic,66.00000,-68.00000,P8.10;CAH-XI,secure,iqaluit,4600.2,902.4,iqaluit (Iqaluit; 36.7px); kimmirut (Kimmirut; 122.9px); frobisher_bay (Frobisher Bay; 124.4px); cumberland_sound (Cumberland Sound; 136.0px); big_island (Big Island; 165.1px)
ARA,Orinoco,7.00000,-67.00000,P8.10;CAH-XI,secure,guamontey,4639.1,4420.0,guamontey (Guamontey; 28.8px); apure (Apure; 47.1px); kai_kara (Kai Kara; 55.3px); guarico (Guarico; 60.9px); guaquire (Guaquire; 62.3px)
TUP,Amazon basin,-3.10000,-60.00000,P8.10;CAH-XI,secure,manaos,4955.8,4994.9,manaos (Manaos; 12.8px); manues_jungle (Manues Jungle; 24.8px); urubu (Urubu; 31.8px); maues (Maues; 38.6px); bares (Bares; 45.1px)
CAR,Lesser Antilles,15.40000,-61.35000,P8.10;CAH-XI,secure,carucairi,4897.5,3940.5,carucairi (Carucairi; 10.2px); flitches_creek_bay (Flitches Creek Bay; 20.2px); ariogana (ariogana; 43.3px); guadaloupe_coast (Guadaloupe Coast; 48.1px); waitu_kubuli (Wai'tu kubuli; 50.6px)
CAT,Verlamion,51.75000,-0.34000,P8.7;CAH-XI,secure,st_albans,7677.6,1791.2,st_albans (St Albans; 3.1px); harrow (Harrow; 13.0px); hertford (Hertford; 14.6px); london (London; 17.5px); dunstable (Dunstable; 17.8px)
TRI,Camulodunum,51.89007,0.90109,PLE:79393;P8.7,secure,colchester,7733.9,1783.4,colchester (Colchester; 3.1px); hedingham (Hedingham; 15.4px); lavenham (Lavenham; 19.1px); prittlewell (Prittlewell; 19.7px); ipswich (Ipswich; 19.9px)
ORD,Mediolanum,53.14000,-4.27000,P8.7;CAH-XI,secure,carnarvon,7494.7,1699.9,carnarvon (Carnarvon; 7.8px); anglesey (Anglesey; 14.9px); conwy (Conway; 18.7px); snowdon (snowdon; 21.0px); harlech (Harlech; 26.6px)
ULA,Northeastern Hibernia,54.35000,-6.65000,P8.7;CAH-XI,secure,armagh,7386.0,1626.0,oriel (Newry; 8.1px); carrickmacross (Inniskeen; 9.6px); armagh (Armagh; 12.6px); dundalk (Dundalk; 19.8px); monaghan (Monaghan; 20.4px)
DAC,Sarmizegetusa,45.66962,23.32396,PLE:207425;P8.7,secure,sebes,8757.8,2176.6,sebes (Sebeș; 5.3px); alba_iulia (Alba Iulia; 14.1px); deva (Deva; 16.7px); aiud (Aiud; 23.3px); sibiu (Sibiu; 32.6px)
IAZ,Tisza plain,47.17000,20.18000,P8.7;CAH-XI,secure,heves,8615.4,2079.7,heves (Heves; 6.8px); jaszbereny (Berény; 14.1px); szolnok (Szolnok; 24.8px); kecskemet (Kecskemét; 27.3px); karcag (Karcag; 27.7px)
ROX,Lower Don,47.23000,39.70000,P8.7;CAH-XI,secure,tana,9504.4,2094.2,tana (Tana; 14.8px); azok (Azok; 15.4px); krasny_sulin (Krasny Sulin; 33.6px); bagayevskaya (Bagayevskaya; 35.4px); shakhty (Shakhty; 39.6px)
AOR,Lower Don,47.56000,41.05000,P8.7;CAH-XI,secure,semikarakorsk,9565.6,2074.8,semikarakorsk (Semikarakorsk; 10.3px); konstantinovsk (Konstantinovsk; 21.9px); bol_shaya_martynovka (Bol Shaya Martynovka; 31.2px); shakhty (Shakhty; 35.9px); bagayevskaya (Bagayevskaya; 37.4px)
SIR,Kuban basin,45.00000,40.29000,PLE:825273;P8.7,secure,armavir,9530.7,2235.2,armavir (Armavir; 12.5px); shkhancheriekhabl (Shkhancheriekhabl; 12.9px); romanovsky_khutor (Romanovsky Khutor; 36.1px); belorechensk (Belorechensk; 37.6px); maykop (Maykop; 44.5px)
ALA,North Caucasus,43.00000,44.70000,P8.7;CAH-XI,secure,targim,9729.6,2362.0,targim (Targim; 11.2px); jariekhi (Jariekhi; 22.3px); koban (Koban; 22.4px); nazran (Nazran; 25.8px); greater_caucasus_mountains5 (greater_caucasus_mountains5; 25.9px)
KNG,Syr Darya,43.30000,68.30000,P8.8;CHG,secure,otrar,10795.3,2355.4,otrar (Otrar; 19.1px); turkestan (Turkestan; 20.5px); karnak (Karnak; 24.1px); ikan (Ikan; 26.0px); artyk_ata (Artyk-Ata; 32.8px)
WSN,Ili valley,43.90000,81.30000,P8.8;CHG,secure,gulja,11390.4,2315.2,almaliq (Almaliq; 18.6px); gulja (Gulja; 26.4px); tokkuztara (Tokkuztara; 44.8px); wusun (Wusun; 48.4px); sayram_lake (Sayram Lake; 53.3px)
XIA,Eastern steppe,43.50000,116.50000,P8.8;CAH-XI,secure,dalai_nur_lake,12993.4,2352.1,dalai_nur_lake (Dalai Nur; 8.9px); yingchang (Yīngchāng; 30.1px); huanzhou (Huánzhōu; 35.2px); pingdisonglin (Píngdìsōnglín; 49.0px); shangdu (Shàngdū; 60.3px)
WHU,Liaoxi,41.80000,120.80000,P8.8;CAH-XI,secure,yizhou_jinzhou,13188.9,2455.2,xiankang (Xiánkāng; 10.1px); yizhou_jinzhou (Yìzhōu; 24.0px); xingzhong (Xīngzhōng; 25.6px); chuanzhou (Chuānzhōu; 26.6px); shenshui (Shénshuǐ; 27.8px)
BGT,Banggai-Tomini,-1.59000,123.50000,ANU-SULAWESI;SPAFA-TOPOGARO,contested,banggai,13308.6,5029.3,lasolo_bay (Lasolo Bay; 20.3px); kendari (Kendari; 52.4px); sambandete (Sambandete; 65.5px); banda_sea4 (Banda Sea; 66.3px); melilis_island (Melilis Island; 70.2px)
BNC,Bone-Cenrana,-4.54000,120.32000,ANU-SULAWESI,contested,bone,13163.8,5202.3,buki (Buki; 25.7px); western_selayar_strait (Western Selayar Strait; 29.4px); tanahjampea_island (Tanahjampea Coast; 33.1px); kayuadi_island (Kayuadi Island; 50.4px); tanahjampea (tanahjampea; 52.0px)
BGU,Bungku-Kendari,-3.40000,121.97000,ANU-SULAWESI;SPAFA-TOPOGARO,contested,bungku,13238.9,5135.7,buton_strait (Buton Strait; 10.8px); taubonto (Taubonto; 24.8px); kotano_muna (Kotano Muna; 32.8px); butung (Butung; 43.9px); eastern_selayar_strait (Eastern Selayar Strait; 48.5px)
BTM,Buton-Muna,-5.46000,122.60000,ANU-SULAWESI,contested,butung,13267.4,5258.4,kalaotos_island (Kalaotos Island; 34.4px); alor_strait (Alor Strait; 46.0px); larantuka (Larantuka; 49.7px); pedang_bay (Pedang Bay; 50.1px); lamakera (Lamakera; 61.6px)
LRP,Lore-Poso,-1.70000,120.10000,UNESCO-LORE;SPAFA-TOPOGARO,contested,loree,13154.0,5033.6,luwu (Luwu; 12.0px); bungi (Bungi; 18.2px); sidenreng (Sidenreng; 22.0px); palopo (Palopo; 24.8px); toraja (Toraja; 26.2px)
GRT,Gorontalo-Tomini,0.54000,123.06000,ANU-SULAWESI,contested,gorontalo,13288.8,4902.6,bulakan (Bulakan; 8.8px); lingketeng (Lingketeng; 23.5px); banggai (Banggai; 23.7px); gori_gori (Gori Gori; 35.1px); peling_strait (Peling Strait; 35.4px)
MKS,South Sulawesi Coast,-5.20000,119.45000,ANU-SULAWESI,contested,gowa,13124.1,5240.9,sape_strait (Sape Strait; 39.0px); tanahjampea_island (Tanahjampea Coast; 41.3px); western_selayar_strait (Western Selayar Strait; 62.6px); java_sea7 (Java Sea; 63.3px); banta_island_wasteland (banta_island_wasteland; 67.4px)
KRM,Karama Valley,-2.48000,119.49000,BRIN-KARAMA;ANU-SULAWESI,contested,kalumpang,13126.2,5079.5,barru (Barru; 14.6px); mandar_bay (Mandar Bay; 21.3px); lake_tempe (Lake Tempe; 26.6px); tinco (Tinco; 27.1px); pabbiring_islands (Pabbiring Islands; 27.8px)
MNH,North Sulawesi Peninsula,1.49000,124.85000,ANU-SULAWESI,contested,manado,13370.3,4847.4,cape_flesko (Cape Flesko; 10.9px); molucca_sea (Molucca Sea; 37.2px); belang (Belang; 44.4px); solimandungan (Solimandungan; 52.4px); amurang (Amurang; 60.7px)
LWM,Matano-Luwu,-2.48000,121.35000,ANU-SULAWESI,contested,matano,13210.8,5080.7,kolumba (Kolumba; 15.8px); mekkongo_bay (Mekkongo Bay; 17.0px); unaaha (Unaaha; 37.6px); taubonto (Taubonto; 41.2px); andolo (Andolo; 43.5px)
NHM,North Halmahera,1.06000,127.47000,ANU-MALUKU,contested,jailolo,13489.5,4874.4,amassing (Amassing; 3.1px); obi_strait (Obi Strait; 24.2px); gane (Gane; 27.9px); tidore (Tidore; 48.5px); dadinga_bay (Dadinga Bay; 53.7px)
SHM,South Halmahera,0.70000,128.30000,ANU-MALUKU,contested,maba_celebes,13527.2,4896.2,gane (Gane; 33.8px); obi (Obi; 39.4px); amassing (Amassing; 40.7px); kofiau_island (Kofiau Island; 44.1px); weda_bay (Weda Bay; 47.0px)
