location,culture,historical_name,source,confidence,note
abiy_addi,antq_geez,Auxoume,PLE:39303;PLN:39303/auxoume;T2U,tier2,Ultra-far Tier-2 AD 1 Pleiades settlement adapter; period-valid name resource 39303/auxoume; nearest installed city field at 13.98px; ultra-far lower-confidence map proxy.
adana,antq_cilician_pedian,Mallos,PLE:648702;PLN:648702/mallos;T2U,tier2,Ultra-far Tier-2 AD 1 Pleiades settlement adapter; period-valid name resource 648702/mallos; nearest installed city field at 13.08px; ultra-far lower-confidence map proxy.
adigrat,antq_geez,Koloe,PLE:39363;PLN:39363/koloe;T2U,tier2,Ultra-far Tier-2 AD 1 Pleiades settlement adapter; period-valid name resource 39363/koloe; nearest installed city field at 12.54px; ultra-far lower-confidence map proxy.
agra,antq_shauraseni_prakrit,Batankaisara,PLE:59739;PLN:59739/batankaisara;T2U,tier2,Ultra-far Tier-2 AD 1 Pleiades settlement adapter; period-valid name resource 59739/batankaisara; nearest installed city field at 18.69px; ultra-far lower-confidence map proxy.
ahlat,antq_armenian,Dauduana,PLE:874450;PLN:874450/dauduana;T2U,tier2,Ultra-far Tier-2 AD 1 Pleiades settlement adapter; period-valid name resource 874450/dauduana; nearest installed city field at 12.53px; ultra-far lower-confidence map proxy.
ahvaz,antq_parthian,Suq al-Ahwaz,PLE:912865;PLN:912865/suq-al-ahwaz;T2U,tier2,Ultra-far Tier-2 AD 1 Pleiades settlement adapter; period-valid name resource 912865/suq-al-ahwaz; nearest installed city field at 17.30px; ultra-far lower-confidence map proxy.
ait_daoud,antq_berber,Rhysaddir,PLE:758467593;PLN:758467593/rhysaddir;T2U,tier2,Ultra-far Tier-2 AD 1 Pleiades settlement adapter; period-valid name resource 758467593/rhysaddir; nearest installed city field at 14.12px; ultra-far lower-confidence map proxy.
ajdabiya,antq_greek_koine,Boreum,PLE:363948;PLN:363948/boreum;T2U,tier2,Ultra-far Tier-2 AD 1 Pleiades settlement adapter; period-valid name resource 363948/boreum; nearest installed city field at 17.55px; ultra-far lower-confidence map proxy.
al_ayn_khaybar,antq_arab,Yadihu,PLE:814753;PLN:814753/yadihu;T2U,tier2,Ultra-far Tier-2 AD 1 Pleiades settlement adapter; period-valid name resource 814753/yadihu; nearest installed city field at 21.63px; ultra-far lower-confidence map proxy.
al_dhaid,antq_arab,Omana,PLE:932474;PLN:932474/omana;T2U,tier2,Ultra-far Tier-2 AD 1 Pleiades settlement adapter; period-valid name resource 932474/omana; nearest installed city field at 20.02px; ultra-far lower-confidence map proxy.
al_lith,antq_arab,Zaabram,PLE:39438;PLN:39438/zaabram;T2U,tier2,Ultra-far Tier-2 AD 1 Pleiades settlement adapter; period-valid name resource 39438/zaabram; nearest installed city field at 12.96px; ultra-far lower-confidence map proxy.
al_mahjal,antq_sabaean,Cardava,PLE:39322;PLN:39322/cardava;T2U,tier2,Ultra-far Tier-2 AD 1 Pleiades settlement adapter; period-valid name resource 39322/cardava; nearest installed city field at 16.79px; ultra-far lower-confidence map proxy.
al_sinn,antq_aramaic,Liba,PLE:893945;PLN:893945/liba;T2U,tier2,Ultra-far Tier-2 AD 1 Pleiades settlement adapter; period-valid name resource 893945/liba; nearest installed city field at 14.21px; ultra-far lower-confidence map proxy.
alcazar_de_san_juan,antq_celtiberian,Laminium,PLE:265946;PLN:265946/laminium;T2U,tier2,Ultra-far Tier-2 AD 1 Pleiades settlement adapter; period-valid name resource 265946/laminium; nearest installed city field at 13.14px; ultra-far lower-confidence map proxy.
alvalade,antq_celtician,Aranni,PLE:255980;PLN:255980/aranni;T2U,tier2,Ultra-far Tier-2 AD 1 Pleiades settlement adapter; period-valid name resource 255980/aranni; nearest installed city field at 13.36px; ultra-far lower-confidence map proxy.
alwar,antq_arjunayana_prakrit,Gatasmira,PLE:59825;PLN:59825/gatasmira;T2U,tier2,Ultra-far Tier-2 AD 1 Pleiades settlement adapter; period-valid name resource 59825/gatasmira; nearest installed city field at 19.10px; ultra-far lower-confidence map proxy.
anah,antq_aramaic,Eddana,PLE:894006;PLN:894006/eddana;T2U,tier2,Ultra-far Tier-2 AD 1 Pleiades settlement adapter; period-valid name resource 894006/eddana; nearest installed city field at 23.72px; ultra-far lower-confidence map proxy.
andros,antq_greek_koine,Andros,PLE:589692;PLN:589692/andros;T2U,tier2,Ultra-far Tier-2 AD 1 Pleiades settlement adapter; period-valid name resource 589692/andros; nearest installed city field at 15.41px; ultra-far lower-confidence map proxy.
anew,antq_parthian,Dara,PLE:952077;PLN:952077/dara;T2U,tier2,Ultra-far Tier-2 AD 1 Pleiades settlement adapter; period-valid name resource 952077/dara; nearest installed city field at 12.74px; ultra-far lower-confidence map proxy.
angers,antq_andecavian,Iuliomagus,PLE:138400;PLN:138400/iuliomagus;T2U,tier2,Ultra-far Tier-2 AD 1 Pleiades settlement adapter; period-valid name resource 138400/iuliomagus; nearest installed city field at 14.69px; ultra-far lower-confidence map proxy.
arnay,antq_senonian,Augustodunum,PLE:177460;PLN:177460/augustodunum;T2U,tier2,Ultra-far Tier-2 AD 1 Pleiades settlement adapter; period-valid name resource 177460/augustodunum; nearest installed city field at 12.91px; ultra-far lower-confidence map proxy.
arnedo,antq_arevacian,Numantia,PLE:246523;PLN:246523/numantia;T2U,tier2,Ultra-far Tier-2 AD 1 Pleiades settlement adapter; period-valid name resource 246523/numantia; nearest installed city field at 12.86px; ultra-far lower-confidence map proxy.
ausa,antq_deccan_prakrit,Tagara,PLE:50294;PLN:50294/tagara;T2U,tier2,Ultra-far Tier-2 AD 1 Pleiades settlement adapter; period-valid name resource 50294/tagara; nearest installed city field at 19.87px; ultra-far lower-confidence map proxy.
auxerre,antq_senonian,Autessiodurum,PLE:138206;PLN:138206/autessiodurum;T2U,tier2,Ultra-far Tier-2 AD 1 Pleiades settlement adapter; period-valid name resource 138206/autessiodurum; nearest installed city field at 13.82px; ultra-far lower-confidence map proxy.
azeffoun,antq_phoenician_punic,Bida,PLE:295228;PLN:295228/bida;T2U,tier2,Ultra-far Tier-2 AD 1 Pleiades settlement adapter; period-valid name resource 295228/bida; nearest installed city field at 12.79px; ultra-far lower-confidence map proxy.
azok,antq_sarmatian,Paniardis,PLE:825346;PLN:825346/paniardis;T2U,tier2,Ultra-far Tier-2 AD 1 Pleiades settlement adapter; period-valid name resource 825346/paniardis; nearest installed city field at 15.05px; ultra-far lower-confidence map proxy.
bacs,antq_dacian,Cibalae,PLE:197207;PLN:197207/cibalae;T2U,tier2,Ultra-far Tier-2 AD 1 Pleiades settlement adapter; period-valid name resource 197207/cibalae; nearest installed city field at 19.67px; ultra-far lower-confidence map proxy.
badra,antq_aramaic,Deru,PLE:903013;PLN:903013/deru;T2U,tier2,Ultra-far Tier-2 AD 1 Pleiades settlement adapter; period-valid name resource 903013/deru; nearest installed city field at 13.12px; ultra-far lower-confidence map proxy.
bafra,antq_henetian,Gadilon,PLE:857128;PLN:857128/gadilon;T2U,tier2,Ultra-far Tier-2 AD 1 Pleiades settlement adapter; period-valid name resource 857128/gadilon; nearest installed city field at 17.14px; ultra-far lower-confidence map proxy.
bahariyya,antq_egyptian,Oasis Parva,PLE:716609;PLN:716609/oasis-parva;T2U,tier2,Ultra-far Tier-2 AD 1 Pleiades settlement adapter; period-valid name resource 716609/oasis-parva; nearest installed city field at 22.25px; ultra-far lower-confidence map proxy.
bakusaya,antq_aramaic,Kashkar,PLE:912880;PLN:912880/kashkar;T2U,tier2,Ultra-far Tier-2 AD 1 Pleiades settlement adapter; period-valid name resource 912880/kashkar; nearest installed city field at 12.31px; ultra-far lower-confidence map proxy.
balrampur,antq_kosala_prakrit,Eorta,PLE:59835;PLN:59835/eorta;T2U,tier2,Ultra-far Tier-2 AD 1 Pleiades settlement adapter; period-valid name resource 59835/eorta; nearest installed city field at 13.46px; ultra-far lower-confidence map proxy.
balya,antq_greek_koine,Pioniai,PLE:550832;PLN:550832/pioniai;T2U,tier2,Ultra-far Tier-2 AD 1 Pleiades settlement adapter; period-valid name resource 550832/pioniai; nearest installed city field at 13.70px; ultra-far lower-confidence map proxy.
baqubah,antq_aramaic,Bagdata,PLE:893952;PLN:893952/bagdata;T2U,tier2,Ultra-far Tier-2 AD 1 Pleiades settlement adapter; period-valid name resource 893952/bagdata; nearest installed city field at 13.08px; ultra-far lower-confidence map proxy.
bara_iraq,antq_syriac,Singara,PLE:874699;PLN:874699/singara-lat;T2U,tier2,Ultra-far Tier-2 AD 1 Pleiades settlement adapter; period-valid name resource 874699/singara-lat; nearest installed city field at 17.15px; ultra-far lower-confidence map proxy.
barco_de_valdeorras,antq_limican,Forum Limicorum,PLE:236468;PLN:236468/forum-limicorum;T2U,tier2,Ultra-far Tier-2 AD 1 Pleiades settlement adapter; period-valid name resource 236468/forum-limicorum; nearest installed city field at 16.19px; ultra-far lower-confidence map proxy.
bargaal,antq_northern_horn_coastal,Aromata Emporion,PLE:39293;PLN:39293/aromata-emporion;T2U,tier2,Ultra-far Tier-2 AD 1 Pleiades settlement adapter; period-valid name resource 39293/aromata-emporion; nearest installed city field at 16.51px; ultra-far lower-confidence map proxy.
baris,antq_egyptian,Pege Sykaminia,PLE:776214;PLN:776214/pege-sykaminia;T2U,tier2,Ultra-far Tier-2 AD 1 Pleiades settlement adapter; period-valid name resource 776214/pege-sykaminia; nearest installed city field at 19.33px; ultra-far lower-confidence map proxy.
bartin,antq_mariandynian,Tios,PLE:845084;PLN:845084/tios;T2U,tier2,Ultra-far Tier-2 AD 1 Pleiades settlement adapter; period-valid name resource 845084/tios; nearest installed city field at 15.39px; ultra-far lower-confidence map proxy.
bastam,antq_hyrcanian,Bistam,PLE:942250;PLN:942250/bistam;T2U,tier2,Ultra-far Tier-2 AD 1 Pleiades settlement adapter; period-valid name resource 942250/bistam; nearest installed city field at 12.99px; ultra-far lower-confidence map proxy.
bayburt,antq_armenian,Tareina,PLE:874448;PLN:874448/tareina;T2U,tier2,Ultra-far Tier-2 AD 1 Pleiades settlement adapter; period-valid name resource 874448/tareina; nearest installed city field at 14.61px; ultra-far lower-confidence map proxy.
bayeux,antq_baiocassian,Augustodurum,PLE:69471;PLN:69471/augustodurum;T2U,tier2,Ultra-far Tier-2 AD 1 Pleiades settlement adapter; period-valid name resource 69471/augustodurum; nearest installed city field at 16.85px; ultra-far lower-confidence map proxy.
bedale,antq_brigantian,Cataractonium,PLE:89143;PLN:89143/cataractonium;T2U,tier2,Ultra-far Tier-2 AD 1 Pleiades settlement adapter; period-valid name resource 89143/cataractonium; nearest installed city field at 12.05px; ultra-far lower-confidence map proxy.
berat,antq_taulantian,Antipatreia,PLE:481724;PLN:481724/antipatreia;T2U,tier2,Ultra-far Tier-2 AD 1 Pleiades settlement adapter; period-valid name resource 481724/antipatreia; nearest installed city field at 12.39px; ultra-far lower-confidence map proxy.
bettiah,antq_videha_prakrit,Rhappha,PLE:60018;PLN:60018/rhappha;T2U,tier2,Ultra-far Tier-2 AD 1 Pleiades settlement adapter; period-valid name resource 60018/rhappha; nearest installed city field at 19.81px; ultra-far lower-confidence map proxy.
bitlis,antq_armenian,Bałałēš,PLE:874438;PLN:874438/ba142a142es;T2U,tier2,Ultra-far Tier-2 AD 1 Pleiades settlement adapter; period-valid name resource 874438/ba142a142es; nearest installed city field at 16.82px; ultra-far lower-confidence map proxy.
bodrog,antq_dacian,Ad Novas,PLE:197077;PLN:197077/ad-novas;T2U,tier2,Ultra-far Tier-2 AD 1 Pleiades settlement adapter; period-valid name resource 197077/ad-novas; nearest installed city field at 12.86px; ultra-far lower-confidence map proxy.
brak,antq_garamantian,Baracum,PLE:354100;PLN:354100/baracum;T2U,tier2,Ultra-far Tier-2 AD 1 Pleiades settlement adapter; period-valid name resource 354100/baracum; nearest installed city field at 19.96px; ultra-far lower-confidence map proxy.
brest,antq_armorican,Osismii,PLE:69511;PLN:69511/osismii;T2U,tier2,Ultra-far Tier-2 AD 1 Pleiades settlement adapter; period-valid name resource 69511/osismii; nearest installed city field at 14.22px; ultra-far lower-confidence map proxy.
busayrah,antq_aramaic,Zenobia,PLE:894185;PLN:894185/zenobia;T2U,tier2,Ultra-far Tier-2 AD 1 Pleiades settlement adapter; period-valid name resource 894185/zenobia; nearest installed city field at 17.96px; ultra-far lower-confidence map proxy.
caransebes,antq_dacian,Praetorium,PLE:207364;PLN:207364/praetorium;T2U,tier2,Ultra-far Tier-2 AD 1 Pleiades settlement adapter; period-valid name resource 207364/praetorium; nearest installed city field at 15.30px; ultra-far lower-confidence map proxy.
castres,antq_rutenian,Carcaso,PLE:246294;PLN:246294/carcaso;T2U,tier2,Ultra-far Tier-2 AD 1 Pleiades settlement adapter; period-valid name resource 246294/carcaso; nearest installed city field at 13.56px; ultra-far lower-confidence map proxy.
castrovillari,antq_oscan_umbrian,Aufugum,PLE:452266;PLN:452266/aufugum;T2U,tier2,Ultra-far Tier-2 AD 1 Pleiades settlement adapter; period-valid name resource 452266/aufugum; nearest installed city field at 12.60px; ultra-far lower-confidence map proxy.
celtik,antq_lycaonian,Tolastochora,PLE:609558;PLN:609558/tolastochora;T2U,tier2,Ultra-far Tier-2 AD 1 Pleiades settlement adapter; period-valid name resource 609558/tolastochora; nearest installed city field at 15.08px; ultra-far lower-confidence map proxy.
cetatea_alba,antq_peucinian,Aepolium,PLE:226510;PLN:226510/aepolium;T2U,tier2,Ultra-far Tier-2 AD 1 Pleiades settlement adapter; period-valid name resource 226510/aepolium; nearest installed city field at 15.50px; ultra-far lower-confidence map proxy.
chambery,antq_ceutronian,Cularo,PLE:167734;PLN:167734/cularo;T2U,tier2,Ultra-far Tier-2 AD 1 Pleiades settlement adapter; period-valid name resource 167734/cularo; nearest installed city field at 12.29px; ultra-far lower-confidence map proxy.
chaves,antq_lusitanian,Vicus Vagornicensis,PLE:236717;PLN:236717/vicus-vagornicensis;T2U,tier2,Ultra-far Tier-2 AD 1 Pleiades settlement adapter; period-valid name resource 236717/vicus-vagornicensis; nearest installed city field at 12.86px; ultra-far lower-confidence map proxy.
chlef,antq_berber,Columnata,PLE:285430;PLN:285430/columnata;T2U,tier2,Ultra-far Tier-2 AD 1 Pleiades settlement adapter; period-valid name resource 285430/columnata; nearest installed city field at 15.02px; ultra-far lower-confidence map proxy.
ciudadela_de_menorca,antq_latin,Mago,PLE:265960;PLN:265960/mago;T2U,tier2,Ultra-far Tier-2 AD 1 Pleiades settlement adapter; period-valid name resource 265960/mago; nearest installed city field at 17.31px; ultra-far lower-confidence map proxy.
cumra,antq_lycaonian,Kodylessos,PLE:648676;PLN:648676/kodylessos;T2U,tier2,Ultra-far Tier-2 AD 1 Pleiades settlement adapter; period-valid name resource 648676/kodylessos; nearest installed city field at 15.71px; ultra-far lower-confidence map proxy.
dabaca,antq_dacian,Napoca,PLE:207304;PLN:207304/napoca;T2U,tier2,Ultra-far Tier-2 AD 1 Pleiades settlement adapter; period-valid name resource 207304/napoca; nearest installed city field at 14.43px; ultra-far lower-confidence map proxy.
darlington,antq_brigantian,Coriosopitum,PLE:89152;PLN:89152/coriosopitum;T2U,tier2,Ultra-far Tier-2 AD 1 Pleiades settlement adapter; period-valid name resource 89152/coriosopitum; nearest installed city field at 12.48px; ultra-far lower-confidence map proxy.
daroca,antq_bellian,Lobeton,PLE:270340;PLN:270340/lobeton;T2U,tier2,Ultra-far Tier-2 AD 1 Pleiades settlement adapter; period-valid name resource 270340/lobeton; nearest installed city field at 14.11px; ultra-far lower-confidence map proxy.
datia,antq_indo_aryan,Eragassa,PLE:59807;PLN:59807/eragassa;T2U,tier2,Ultra-far Tier-2 AD 1 Pleiades settlement adapter; period-valid name resource 59807/eragassa; nearest installed city field at 14.34px; ultra-far lower-confidence map proxy.
daw_sud,antq_blemmyan,Pide,PLE:798093;PLN:798093/pide;T2U,tier2,Ultra-far Tier-2 AD 1 Pleiades settlement adapter; period-valid name resource 798093/pide; nearest installed city field at 18.88px; ultra-far lower-confidence map proxy.
deodar,antq_indo_aryan,Thorax,PLE:60085;PLN:60085/thorax;T2U,tier2,Ultra-far Tier-2 AD 1 Pleiades settlement adapter; period-valid name resource 60085/thorax; nearest installed city field at 14.23px; ultra-far lower-confidence map proxy.
deva,antq_dacian,Petris,PLE:207340;PLN:207340/petris;T2U,tier2,Ultra-far Tier-2 AD 1 Pleiades settlement adapter; period-valid name resource 207340/petris; nearest installed city field at 15.58px; ultra-far lower-confidence map proxy.
dezful,antq_parthian,Beth Lapat,PLE:912873;PLN:912873/beth-lapat;T2U,tier2,Ultra-far Tier-2 AD 1 Pleiades settlement adapter; period-valid name resource 912873/beth-lapat; nearest installed city field at 12.68px; ultra-far lower-confidence map proxy.
domakha,antq_sarmatian,Hygreis,PLE:825272;PLN:825272/hygreis;T2U,tier2,Ultra-far Tier-2 AD 1 Pleiades settlement adapter; period-valid name resource 825272/hygreis; nearest installed city field at 21.10px; ultra-far lower-confidence map proxy.
ed_damer,antq_meroitic,Seserem,PLE:805656;PLN:805656/seserem;T2U,tier2,Ultra-far Tier-2 AD 1 Pleiades settlement adapter; period-valid name resource 805656/seserem; nearest installed city field at 19.57px; ultra-far lower-confidence map proxy.
egirdir,antq_cabalian,Pednelissos,PLE:639046;PLN:639046/pednelissos;T2U,tier2,Ultra-far Tier-2 AD 1 Pleiades settlement adapter; period-valid name resource 639046/pednelissos; nearest installed city field at 14.63px; ultra-far lower-confidence map proxy.
el_alamein,antq_egyptian,Pnigeus,PLE:716624;PLN:716624/pnigeus;T2U,tier2,Ultra-far Tier-2 AD 1 Pleiades settlement adapter; period-valid name resource 716624/pnigeus; nearest installed city field at 15.01px; ultra-far lower-confidence map proxy.
el_arish,antq_aramaic,Rhinocolura,PLE:688016;PLN:688016/rhinocolura;T2U,tier2,Ultra-far Tier-2 AD 1 Pleiades settlement adapter; period-valid name resource 688016/rhinocolura; nearest installed city field at 18.37px; ultra-far lower-confidence map proxy.
el_bahnasa,antq_egyptian,Artapatou,PLE:736894;PLN:736894/artapatou;T2U,tier2,Ultra-far Tier-2 AD 1 Pleiades settlement adapter; period-valid name resource 736894/artapatou; nearest installed city field at 12.88px; ultra-far lower-confidence map proxy.
el_qoseir,antq_egyptian,Myos Hormos,PLE:786069;PLN:786069/myos-hormos;T2U,tier2,Ultra-far Tier-2 AD 1 Pleiades settlement adapter; period-valid name resource 786069/myos-hormos; nearest installed city field at 12.92px; ultra-far lower-confidence map proxy.
enguzud,antq_leucosyrian,Germanikeia,PLE:658474;PLN:658474/germanikeia-1;T2U,tier2,Ultra-far Tier-2 AD 1 Pleiades settlement adapter; period-valid name resource 658474/germanikeia-1; nearest installed city field at 12.89px; ultra-far lower-confidence map proxy.
ermenek,antq_cilician_trachean,Germanikópolis,PLE:648635;PLN:648635/germanicopolis;T2U,tier2,Ultra-far Tier-2 AD 1 Pleiades settlement adapter; period-valid name resource 648635/germanicopolis; nearest installed city field at 14.00px; ultra-far lower-confidence map proxy.
erzurum,antq_armenian,Karin,PLE:874373;PLN:874373/karin;T2U,tier2,Ultra-far Tier-2 AD 1 Pleiades settlement adapter; period-valid name resource 874373/karin; nearest installed city field at 18.36px; ultra-far lower-confidence map proxy.
eskil,antq_phrygian,Ardistama,PLE:648568;PLN:648568/ardistama;T2U,tier2,Ultra-far Tier-2 AD 1 Pleiades settlement adapter; period-valid name resource 648568/ardistama; nearest installed city field at 18.51px; ultra-far lower-confidence map proxy.
faran,antq_aramaic,Pharan,PLE:746792;PLN:746792/pharan;T2U,tier2,Ultra-far Tier-2 AD 1 Pleiades settlement adapter; period-valid name resource 746792/pharan; nearest installed city field at 19.15px; ultra-far lower-confidence map proxy.
faras,antq_blemmyan,Pachoras,PLE:795838;PLN:795838/pachoras;T2U,tier2,Ultra-far Tier-2 AD 1 Pleiades settlement adapter; period-valid name resource 795838/pachoras; nearest installed city field at 23.99px; ultra-far lower-confidence map proxy.
feurs,antq_segusiavian,Icidmago,PLE:167791;PLN:167791/icidmago;T2U,tier2,Ultra-far Tier-2 AD 1 Pleiades settlement adapter; period-valid name resource 167791/icidmago; nearest installed city field at 12.28px; ultra-far lower-confidence map proxy.
firuzkuh,antq_hyrcanian,Apameia Rhagiane,PLE:942286;PLN:942286/apameia-rhagiane;T2U,tier2,Ultra-far Tier-2 AD 1 Pleiades settlement adapter; period-valid name resource 942286/apameia-rhagiane; nearest installed city field at 14.32px; ultra-far lower-confidence map proxy.
gamrun,antq_persian,Harmozon,PLE:29586;PLN:29586/harmozon;T2U,tier2,Ultra-far Tier-2 AD 1 Pleiades settlement adapter; period-valid name resource 29586/harmozon; nearest installed city field at 12.10px; ultra-far lower-confidence map proxy.
gandia,antq_contestanian,Saetabis,PLE:266018;PLN:266018/saetabis;T2U,tier2,Ultra-far Tier-2 AD 1 Pleiades settlement adapter; period-valid name resource 266018/saetabis; nearest installed city field at 15.38px; ultra-far lower-confidence map proxy.
gereshk,antq_saka,Gari,PLE:59824;PLN:59824/gari;T2U,tier2,Ultra-far Tier-2 AD 1 Pleiades settlement adapter; period-valid name resource 59824/gari; nearest installed city field at 17.68px; ultra-far lower-confidence map proxy.
ghadames,antq_garamantian,Cidamus,PLE:344341;PLN:344341/cidamus;T2U,tier2,Ultra-far Tier-2 AD 1 Pleiades settlement adapter; period-valid name resource 344341/cidamus; nearest installed city field at 21.12px; ultra-far lower-confidence map proxy.
ghazni,antq_saka,Demetrias,PLE:59694;PLN:59694/demetrias;T2U,tier2,Ultra-far Tier-2 AD 1 Pleiades settlement adapter; period-valid name resource 59694/demetrias; nearest installed city field at 16.88px; ultra-far lower-confidence map proxy.
giresun,antq_tibarenian,Kerasous,PLE:857185;PLN:857185/kerasous-1;T2U,tier2,Ultra-far Tier-2 AD 1 Pleiades settlement adapter; period-valid name resource 857185/kerasous-1; nearest installed city field at 17.75px; ultra-far lower-confidence map proxy.
goraghat,antq_pundra_early_historic,Puṇḍranagara,PLE:60011;PLN:60011/pun323d323ranagara;T2U,tier2,Ultra-far Tier-2 AD 1 Pleiades settlement adapter; period-valid name resource 60011/pun323d323ranagara; nearest installed city field at 20.21px; ultra-far lower-confidence map proxy.
gorele,antq_chalybian,Philokaleia,PLE:857278;PLN:857278/philokaleia;T2U,tier2,Ultra-far Tier-2 AD 1 Pleiades settlement adapter; period-valid name resource 857278/philokaleia; nearest installed city field at 15.88px; ultra-far lower-confidence map proxy.
grenoble,antq_allobrogian,Catorissium,PLE:167699;PLN:167699/catorissium;T2U,tier2,Ultra-far Tier-2 AD 1 Pleiades settlement adapter; period-valid name resource 167699/catorissium; nearest installed city field at 12.83px; ultra-far lower-confidence map proxy.
gueret,antq_lemovician,Salviacum,PLE:138569;PLN:138569/salviacum;T2U,tier2,Ultra-far Tier-2 AD 1 Pleiades settlement adapter; period-valid name resource 138569/salviacum; nearest installed city field at 13.21px; ultra-far lower-confidence map proxy.
hajipur,antq_anga_prakrit,Vaiśālī,PLE:60097;PLN:60097/vaisali;T2U,tier2,Ultra-far Tier-2 AD 1 Pleiades settlement adapter; period-valid name resource 60097/vaisali; nearest installed city field at 14.73px; ultra-far lower-confidence map proxy.
hambantota,antq_sinhala,Maagrammon,PLE:50096;PLN:50096/maagrammon;T2U,tier2,Ultra-far Tier-2 AD 1 Pleiades settlement adapter; period-valid name resource 50096/maagrammon; nearest installed city field at 18.25px; ultra-far lower-confidence map proxy.
haymana,antq_galatian_tectosagian,Vindia,PLE:609393;PLN:609393/vindia;T2U,tier2,Ultra-far Tier-2 AD 1 Pleiades settlement adapter; period-valid name resource 609393/vindia; nearest installed city field at 14.39px; ultra-far lower-confidence map proxy.
hinglaj,antq_saka,Stobera,PLE:60068;PLN:60068/stobera;T2U,tier2,Ultra-far Tier-2 AD 1 Pleiades settlement adapter; period-valid name resource 60068/stobera; nearest installed city field at 12.36px; ultra-far lower-confidence map proxy.
hudaida,antq_himyarite,Badeo,PLE:39311;PLN:39311/badeo;T2U,tier2,Ultra-far Tier-2 AD 1 Pleiades settlement adapter; period-valid name resource 39311/badeo; nearest installed city field at 14.98px; ultra-far lower-confidence map proxy.
huth,antq_sabaean,Labaetia,PLE:39365;PLN:39365/labaetia;T2U,tier2,Ultra-far Tier-2 AD 1 Pleiades settlement adapter; period-valid name resource 39365/labaetia; nearest installed city field at 23.63px; ultra-far lower-confidence map proxy.
imbros,antq_greek_koine,Hephaistia,PLE:550569;PLN:550569/hephaistia;T2U,tier2,Ultra-far Tier-2 AD 1 Pleiades settlement adapter; period-valid name resource 550569/hephaistia; nearest installed city field at 15.18px; ultra-far lower-confidence map proxy.
inebolu,antq_paphlagonian,Abṓnou teîchos,PLE:844847;PLN:844847/abonouteichos;T2U,tier2,Ultra-far Tier-2 AD 1 Pleiades settlement adapter; period-valid name resource 844847/abonouteichos; nearest installed city field at 16.13px; ultra-far lower-confidence map proxy.
jabar,antq_aramaic,Athis,PLE:668201;PLN:668201/athis;T2U,tier2,Ultra-far Tier-2 AD 1 Pleiades settlement adapter; period-valid name resource 668201/athis; nearest installed city field at 14.79px; ultra-far lower-confidence map proxy.
jerez_de_los_caballeros,antq_lusitanian,Nertobriga Concordia Iulia,PLE:256325;PLN:256325/nertobriga-concordia-iulia;T2U,tier2,Ultra-far Tier-2 AD 1 Pleiades settlement adapter; period-valid name resource 256325/nertobriga-concordia-iulia; nearest installed city field at 12.59px; ultra-far lower-confidence map proxy.
jijial,antq_gandhari,Aornos,PLE:59687;PLN:59687/aornos;T2U,tier2,Ultra-far Tier-2 AD 1 Pleiades settlement adapter; period-valid name resource 59687/aornos; nearest installed city field at 14.34px; ultra-far lower-confidence map proxy.
jonzac,antq_santonian,Burdigala,PLE:138248;PLN:138248/burdigala;T2U,tier2,Ultra-far Tier-2 AD 1 Pleiades settlement adapter; period-valid name resource 138248/burdigala; nearest installed city field at 12.65px; ultra-far lower-confidence map proxy.
kandahar,antq_saka,Cufis,PLE:59669;PLN:59669/cufis;T2U,tier2,Ultra-far Tier-2 AD 1 Pleiades settlement adapter; period-valid name resource 59669/cufis; nearest installed city field at 17.92px; ultra-far lower-confidence map proxy.
karapinar,antq_phrygian,Barata,PLE:648582;PLN:648582/barata;T2U,tier2,Ultra-far Tier-2 AD 1 Pleiades settlement adapter; period-valid name resource 648582/barata; nearest installed city field at 12.33px; ultra-far lower-confidence map proxy.
karvuna,antq_thracian,Marcianopolis,PLE:216878;PLN:216878/marcianopolis;T2U,tier2,Ultra-far Tier-2 AD 1 Pleiades settlement adapter; period-valid name resource 216878/marcianopolis; nearest installed city field at 15.90px; ultra-far lower-confidence map proxy.
kayal,antq_tamil,Kolchoi,PLE:50064;PLN:50064/kolchoi-1;T2U,tier2,Ultra-far Tier-2 AD 1 Pleiades settlement adapter; period-valid name resource 50064/kolchoi-1; nearest installed city field at 13.86px; ultra-far lower-confidence map proxy.
kebili,antq_phoenician_punic,Ad Templum,PLE:344287;PLN:344287/ad-templum;T2U,tier2,Ultra-far Tier-2 AD 1 Pleiades settlement adapter; period-valid name resource 344287/ad-templum; nearest installed city field at 15.30px; ultra-far lower-confidence map proxy.
kelkit,antq_armenian,Arauraka,PLE:857037;PLN:857037/arauraka;T2U,tier2,Ultra-far Tier-2 AD 1 Pleiades settlement adapter; period-valid name resource 857037/arauraka; nearest installed city field at 12.42px; ultra-far lower-confidence map proxy.
kesan,antq_thracian,Drabos,PLE:501404;PLN:501404/drabos;T2U,tier2,Ultra-far Tier-2 AD 1 Pleiades settlement adapter; period-valid name resource 501404/drabos; nearest installed city field at 12.18px; ultra-far lower-confidence map proxy.
khalfut,antq_himyarite,Ausara,PLE:39301;PLN:39301/ausara;T2U,tier2,Ultra-far Tier-2 AD 1 Pleiades settlement adapter; period-valid name resource 39301/ausara; nearest installed city field at 12.65px; ultra-far lower-confidence map proxy.
khomeyn,antq_median,Gurbayigan,PLE:903037;PLN:903037/gurbayigan;T2U,tier2,Ultra-far Tier-2 AD 1 Pleiades settlement adapter; period-valid name resource 903037/gurbayigan; nearest installed city field at 12.55px; ultra-far lower-confidence map proxy.
khondab,antq_median,Malaver,PLE:903077;PLN:903077/malaver;T2U,tier2,Ultra-far Tier-2 AD 1 Pleiades settlement adapter; period-valid name resource 903077/malaver; nearest installed city field at 14.06px; ultra-far lower-confidence map proxy.
khujand,antq_dayuan_ferghana,Alexandria Eschate,PLE:59672;PLN:59672/alexandria-eschate;T2U,tier2,Ultra-far Tier-2 AD 1 Pleiades settlement adapter; period-valid name resource 59672/alexandria-eschate; nearest installed city field at 18.69px; ultra-far lower-confidence map proxy.
kishim,antq_bactrian,Astakana,PLE:971701;PLN:971701/astakana;T2U,tier2,Ultra-far Tier-2 AD 1 Pleiades settlement adapter; period-valid name resource 971701/astakana; nearest installed city field at 17.99px; ultra-far lower-confidence map proxy.
kondapalli,antq_proto_telugu_kannada,Pityndra,PLE:50219;PLN:50219/pityndra;T2U,tier2,Ultra-far Tier-2 AD 1 Pleiades settlement adapter; period-valid name resource 50219/pityndra; nearest installed city field at 12.71px; ultra-far lower-confidence map proxy.
kormend,antq_pannonian,Sala,PLE:197482;PLN:197482/sala;T2U,tier2,Ultra-far Tier-2 AD 1 Pleiades settlement adapter; period-valid name resource 197482/sala; nearest installed city field at 13.84px; ultra-far lower-confidence map proxy.
kozara,antq_illyrian,Splonum,PLE:197525;PLN:197525/splonum;T2U,tier2,Ultra-far Tier-2 AD 1 Pleiades settlement adapter; period-valid name resource 197525/splonum; nearest installed city field at 12.27px; ultra-far lower-confidence map proxy.
kulu_turkey,antq_cataonian,Plomma,PLE:619241;PLN:619241/plomma;T2U,tier2,Ultra-far Tier-2 AD 1 Pleiades settlement adapter; period-valid name resource 619241/plomma; nearest installed city field at 13.56px; ultra-far lower-confidence map proxy.
kure_i_mamure,antq_paphlagonian,Thymena,PLE:845079;PLN:845079/thymena;T2U,tier2,Ultra-far Tier-2 AD 1 Pleiades settlement adapter; period-valid name resource 845079/thymena; nearest installed city field at 16.09px; ultra-far lower-confidence map proxy.
kutina,antq_breucian,Segestica,PLE:197504;PLN:197504/segestica;T2U,tier2,Ultra-far Tier-2 AD 1 Pleiades settlement adapter; period-valid name resource 197504/segestica; nearest installed city field at 16.00px; ultra-far lower-confidence map proxy.
kythira,antq_greek_koine,Kythera,PLE:570400;PLN:570400/kythera;T2U,tier2,Ultra-far Tier-2 AD 1 Pleiades settlement adapter; period-valid name resource 570400/kythera; nearest installed city field at 17.22px; ultra-far lower-confidence map proxy.
lalpur,antq_gandhari,Kaspeira,PLE:59993;PLN:59993/kaspeira;T2U,tier2,Ultra-far Tier-2 AD 1 Pleiades settlement adapter; period-valid name resource 59993/kaspeira; nearest installed city field at 18.10px; ultra-far lower-confidence map proxy.
laskarpur,antq_harikela_early_historic,Salariga,PLE:60027;PLN:60027/salariga;T2U,tier2,Ultra-far Tier-2 AD 1 Pleiades settlement adapter; period-valid name resource 60027/salariga; nearest installed city field at 12.42px; ultra-far lower-confidence map proxy.
lemnos,antq_greek_koine,Myrina,PLE:550755;PLN:550755/myrina;T2U,tier2,Ultra-far Tier-2 AD 1 Pleiades settlement adapter; period-valid name resource 550755/myrina; nearest installed city field at 16.74px; ultra-far lower-confidence map proxy.
libourne,antq_viviscan,Vodollacum,PLE:138664;PLN:138664/vodollacum;T2U,tier2,Ultra-far Tier-2 AD 1 Pleiades settlement adapter; period-valid name resource 138664/vodollacum; nearest installed city field at 12.36px; ultra-far lower-confidence map proxy.
madgaon,antq_deccan_prakrit,Chersonesos,PLE:49945;PLN:49945/chersonesos;T2U,tier2,Ultra-far Tier-2 AD 1 Pleiades settlement adapter; period-valid name resource 49945/chersonesos; nearest installed city field at 12.13px; ultra-far lower-confidence map proxy.
madila,antq_musulamian,Negrenenses Maiores,PLE:334599;PLN:334599/negrenenses-maiores;T2U,tier2,Ultra-far Tier-2 AD 1 Pleiades settlement adapter; period-valid name resource 334599/negrenenses-maiores; nearest installed city field at 12.83px; ultra-far lower-confidence map proxy.
main,antq_sabaean,Nestus,PLE:39397;PLN:39397/nestus;T2U,tier2,Ultra-far Tier-2 AD 1 Pleiades settlement adapter; period-valid name resource 39397/nestus; nearest installed city field at 17.36px; ultra-far lower-confidence map proxy.
makisin,antq_aramaic,Magdalu,PLE:893991;PLN:893991/magdalu;T2U,tier2,Ultra-far Tier-2 AD 1 Pleiades settlement adapter; period-valid name resource 893991/magdalu; nearest installed city field at 13.82px; ultra-far lower-confidence map proxy.
manoharpur,antq_indo_aryan,Virāta,PLE:60100;PLN:60100/virata;T2U,tier2,Ultra-far Tier-2 AD 1 Pleiades settlement adapter; period-valid name resource 60100/virata; nearest installed city field at 16.99px; ultra-far lower-confidence map proxy.
mascara,antq_berber,Tigit,PLE:285411;PLN:285411/tigit;T2U,tier2,Ultra-far Tier-2 AD 1 Pleiades settlement adapter; period-valid name resource 285411/tigit; nearest installed city field at 15.68px; ultra-far lower-confidence map proxy.
maskanah,antq_parthian,Seriane,PLE:668369;PLN:668369/seriane;T2U,tier2,Ultra-far Tier-2 AD 1 Pleiades settlement adapter; period-valid name resource 668369/seriane; nearest installed city field at 18.50px; ultra-far lower-confidence map proxy.
masqat,antq_arab,Kryptos Limen,PLE:29635;PLN:29635/kryptos-limen;T2U,tier2,Ultra-far Tier-2 AD 1 Pleiades settlement adapter; period-valid name resource 29635/kryptos-limen; nearest installed city field at 15.01px; ultra-far lower-confidence map proxy.
mathura,antq_shauraseni_prakrit,Methora,PLE:59931;PLN:59931/methora;T2U,tier2,Ultra-far Tier-2 AD 1 Pleiades settlement adapter; period-valid name resource 59931/methora; nearest installed city field at 12.06px; ultra-far lower-confidence map proxy.
medea,antq_berber,Uzinaza,PLE:334654;PLN:334654/uzinaza;T2U,tier2,Ultra-far Tier-2 AD 1 Pleiades settlement adapter; period-valid name resource 334654/uzinaza; nearest installed city field at 12.39px; ultra-far lower-confidence map proxy.
medinaceli,antq_arevacian,Segontia,PLE:246639;PLN:246639/segontia;T2U,tier2,Ultra-far Tier-2 AD 1 Pleiades settlement adapter; period-valid name resource 246639/segontia; nearest installed city field at 12.56px; ultra-far lower-confidence map proxy.
melilla,antq_berber,Rusaddir,PLE:285512;PLN:285512/rusaddir;T2U,tier2,Ultra-far Tier-2 AD 1 Pleiades settlement adapter; period-valid name resource 285512/rusaddir; nearest installed city field at 18.86px; ultra-far lower-confidence map proxy.
melnik,antq_macedonian,Skotoussa,PLE:491722;PLN:491722/skotoussa;T2U,tier2,Ultra-far Tier-2 AD 1 Pleiades settlement adapter; period-valid name resource 491722/skotoussa; nearest installed city field at 12.31px; ultra-far lower-confidence map proxy.
midyat,antq_syriac,Amouda,PLE:874318;PLN:874318/amouda;T2U,tier2,Ultra-far Tier-2 AD 1 Pleiades settlement adapter; period-valid name resource 874318/amouda; nearest installed city field at 17.55px; ultra-far lower-confidence map proxy.
mihaliccik,antq_tolistobogian,Trokna,PLE:609561;PLN:609561/trokna;T2U,tier2,Ultra-far Tier-2 AD 1 Pleiades settlement adapter; period-valid name resource 609561/trokna; nearest installed city field at 15.91px; ultra-far lower-confidence map proxy.
milos,antq_greek_koine,Pholegandros,PLE:589995;PLN:589995/pholegandros;T2U,tier2,Ultra-far Tier-2 AD 1 Pleiades settlement adapter; period-valid name resource 589995/pholegandros; nearest installed city field at 16.20px; ultra-far lower-confidence map proxy.
molevon,antq_aramaic,Mampsoukrenai,PLE:648704;PLN:648704/mampsoukrenai;T2U,tier2,Ultra-far Tier-2 AD 1 Pleiades settlement adapter; period-valid name resource 648704/mampsoukrenai; nearest installed city field at 12.06px; ultra-far lower-confidence map proxy.
monzon_campos,antq_vaccaean,Palantia,PLE:236591;PLN:236591/palantia;T2U,tier2,Ultra-far Tier-2 AD 1 Pleiades settlement adapter; period-valid name resource 236591/palantia; nearest installed city field at 12.06px; ultra-far lower-confidence map proxy.
najran,antq_sabaean,Negram,PLE:39286;PLN:39286/negram;T2U,tier2,Ultra-far Tier-2 AD 1 Pleiades settlement adapter; period-valid name resource 39286/negram; nearest installed city field at 16.48px; ultra-far lower-confidence map proxy.
nazok_olya,antq_median,Zarawand,PLE:874797;PLN:874797/zarawand;T2U,tier2,Ultra-far Tier-2 AD 1 Pleiades settlement adapter; period-valid name resource 874797/zarawand; nearest installed city field at 17.07px; ultra-far lower-confidence map proxy.
nedroma,antq_berber,Lemnis,PLE:285476;PLN:285476/lemnis;T2U,tier2,Ultra-far Tier-2 AD 1 Pleiades settlement adapter; period-valid name resource 285476/lemnis; nearest installed city field at 16.80px; ultra-far lower-confidence map proxy.
nivelles,antq_belgic,Geminiacum,PLE:109003;PLN:109003/geminiacum;T2U,tier2,Ultra-far Tier-2 AD 1 Pleiades settlement adapter; period-valid name resource 109003/geminiacum; nearest installed city field at 13.66px; ultra-far lower-confidence map proxy.
obock,antq_geez,Akila,PLE:39279;PLN:39279/akila;T2U,tier2,Ultra-far Tier-2 AD 1 Pleiades settlement adapter; period-valid name resource 39279/akila; nearest installed city field at 17.23px; ultra-far lower-confidence map proxy.
orasul_de_floci,antq_getic,Sacidava,PLE:216965;PLN:216965/sacidava;T2U,tier2,Ultra-far Tier-2 AD 1 Pleiades settlement adapter; period-valid name resource 216965/sacidava; nearest installed city field at 14.54px; ultra-far lower-confidence map proxy.
oswestry,antq_british_cornovian,Mediolanum,PLE:79597;PLN:79597/mediolanum;T2U,tier2,Ultra-far Tier-2 AD 1 Pleiades settlement adapter; period-valid name resource 79597/mediolanum; nearest installed city field at 12.48px; ultra-far lower-confidence map proxy.
pangalia,antq_thracian,Callatis,PLE:216744;PLN:216744/callatis;T2U,tier2,Ultra-far Tier-2 AD 1 Pleiades settlement adapter; period-valid name resource 216744/callatis; nearest installed city field at 18.88px; ultra-far lower-confidence map proxy.
pasni,antq_saka,Mosarna,PLE:59937;PLN:59937/mosarna;T2U,tier2,Ultra-far Tier-2 AD 1 Pleiades settlement adapter; period-valid name resource 59937/mosarna; nearest installed city field at 19.47px; ultra-far lower-confidence map proxy.
patti,antq_greek_koine,Haluntium,PLE:462228;PLN:462228/name.2015-10-16.6387063471;T2U,tier2,Ultra-far Tier-2 AD 1 Pleiades settlement adapter; period-valid name resource 462228/name.2015-10-16.6387063471; nearest installed city field at 12.24px; ultra-far lower-confidence map proxy.
petrovaradin,antq_pannonian,Bassiana,PLE:206960;PLN:206960/bassiana;T2U,tier2,Ultra-far Tier-2 AD 1 Pleiades settlement adapter; period-valid name resource 206960/bassiana; nearest installed city field at 15.41px; ultra-far lower-confidence map proxy.
prosek,antq_paeonian,Europos,PLE:491594;PLN:491594/europos;T2U,tier2,Ultra-far Tier-2 AD 1 Pleiades settlement adapter; period-valid name resource 491594/europos; nearest installed city field at 13.60px; ultra-far lower-confidence map proxy.
qarahziaoddin,antq_median,Kaputa,PLE:874420;PLN:874420/kaputa;T2U,tier2,Ultra-far Tier-2 AD 1 Pleiades settlement adapter; period-valid name resource 874420/kaputa; nearest installed city field at 12.01px; ultra-far lower-confidence map proxy.
qaryat_al_bidh,antq_persian,Pasargadae,PLE:922693;PLN:922693/pasargadae;T2U,tier2,Ultra-far Tier-2 AD 1 Pleiades settlement adapter; period-valid name resource 922693/pasargadae; nearest installed city field at 14.21px; ultra-far lower-confidence map proxy.
qasr_ibrim,antq_blemmyan,Nalote,PLE:795832;PLN:795832/nalote;T2U,tier2,Ultra-far Tier-2 AD 1 Pleiades settlement adapter; period-valid name resource 795832/nalote; nearest installed city field at 15.96px; ultra-far lower-confidence map proxy.
qayyarah,antq_aramaic,Hatra,PLE:894004;PLN:894004/hatra;T2U,tier2,Ultra-far Tier-2 AD 1 Pleiades settlement adapter; period-valid name resource 894004/hatra; nearest installed city field at 19.51px; ultra-far lower-confidence map proxy.
qirq_yer,antq_scythian,Chersonesos,PLE:226564;PLN:226564/chersonesos;T2U,tier2,Ultra-far Tier-2 AD 1 Pleiades settlement adapter; period-valid name resource 226564/chersonesos; nearest installed city field at 12.04px; ultra-far lower-confidence map proxy.
radaa,antq_himyarite,Nossa,PLE:39398;PLN:39398/nossa;T2U,tier2,Ultra-far Tier-2 AD 1 Pleiades settlement adapter; period-valid name resource 39398/nossa; nearest installed city field at 20.03px; ultra-far lower-confidence map proxy.
rajgir,antq_magadhi_prakrit,Rājagṛha,PLE:60016;PLN:60016/rajagr323ha;T2U,tier2,Ultra-far Tier-2 AD 1 Pleiades settlement adapter; period-valid name resource 60016/rajagr323ha; nearest installed city field at 17.53px; ultra-far lower-confidence map proxy.
ramagiri,antq_proto_telugu_kannada,Korounkala,PLE:50074;PLN:50074/korounkala;T2U,tier2,Ultra-far Tier-2 AD 1 Pleiades settlement adapter; period-valid name resource 50074/korounkala; nearest installed city field at 17.22px; ultra-far lower-confidence map proxy.
ravno,antq_moesian,Horreum Margi,PLE:207173;PLN:207173/horreum-margi;T2U,tier2,Ultra-far Tier-2 AD 1 Pleiades settlement adapter; period-valid name resource 207173/horreum-margi; nearest installed city field at 13.64px; ultra-far lower-confidence map proxy.
rize,antq_chalybian,Rhizaion,PLE:857297;PLN:857297/rhizaion-1;T2U,tier2,Ultra-far Tier-2 AD 1 Pleiades settlement adapter; period-valid name resource 857297/rhizaion-1; nearest installed city field at 12.78px; ultra-far lower-confidence map proxy.
rottenmann,antq_noric,Monate,PLE:197383;PLN:197383/monate;T2U,tier2,Ultra-far Tier-2 AD 1 Pleiades settlement adapter; period-valid name resource 197383/monate; nearest installed city field at 12.28px; ultra-far lower-confidence map proxy.
rutland,antq_corieltauvian,Causennis,PLE:79382;PLN:79382/causennis;T2U,tier2,Ultra-far Tier-2 AD 1 Pleiades settlement adapter; period-valid name resource 79382/causennis; nearest installed city field at 13.51px; ultra-far lower-confidence map proxy.
saarburg,antq_istvaeonic,Tabernae,PLE:109361;PLN:109361/tabernae;T2U,tier2,Ultra-far Tier-2 AD 1 Pleiades settlement adapter; period-valid name resource 109361/tabernae; nearest installed city field at 12.26px; ultra-far lower-confidence map proxy.
sabya,antq_sabaean,Marma,PLE:39382;PLN:39382/marma;T2U,tier2,Ultra-far Tier-2 AD 1 Pleiades settlement adapter; period-valid name resource 39382/marma; nearest installed city field at 21.29px; ultra-far lower-confidence map proxy.
sadah,antq_sabaean,Phoda,PLE:39407;PLN:39407/phoda;T2U,tier2,Ultra-far Tier-2 AD 1 Pleiades settlement adapter; period-valid name resource 39407/phoda; nearest installed city field at 15.52px; ultra-far lower-confidence map proxy.
saint_malo,antq_redonian,Fanum Martis,PLE:69507;PLN:69507/fanum-martis;T2U,tier2,Ultra-far Tier-2 AD 1 Pleiades settlement adapter; period-valid name resource 69507/fanum-martis; nearest installed city field at 22.21px; ultra-far lower-confidence map proxy.
salamiyya,antq_parthian,Theleda,PLE:668387;PLN:668387/theleda;T2U,tier2,Ultra-far Tier-2 AD 1 Pleiades settlement adapter; period-valid name resource 668387/theleda; nearest installed city field at 15.12px; ultra-far lower-confidence map proxy.
sambhal,antq_panchala_prakrit,Persakra,PLE:59991;PLN:59991/persakra;T2U,tier2,Ultra-far Tier-2 AD 1 Pleiades settlement adapter; period-valid name resource 59991/persakra; nearest installed city field at 12.20px; ultra-far lower-confidence map proxy.
sancerre,antq_biturigan_cubian,Nogeomagus,PLE:138488;PLN:138488/nogeomagus;T2U,tier2,Ultra-far Tier-2 AD 1 Pleiades settlement adapter; period-valid name resource 138488/nogeomagus; nearest installed city field at 13.64px; ultra-far lower-confidence map proxy.
sarata,antq_peucinian,Ta Antiphilou,PLE:226772;PLN:226772/ta-antiphilou;T2U,tier2,Ultra-far Tier-2 AD 1 Pleiades settlement adapter; period-valid name resource 226772/ta-antiphilou; nearest installed city field at 12.48px; ultra-far lower-confidence map proxy.
sari,antq_hyrcanian,Zadrakarta,PLE:942321;PLN:942321/zadrakarta;T2U,tier2,Ultra-far Tier-2 AD 1 Pleiades settlement adapter; period-valid name resource 942321/zadrakarta; nearest installed city field at 18.58px; ultra-far lower-confidence map proxy.
sarikol,antq_puli_highland,Lithinos Pyrgos,PLE:59897;PLN:59897/lithinos-pyrgos;T2U,tier2,Ultra-far Tier-2 AD 1 Pleiades settlement adapter; period-valid name resource 59897/lithinos-pyrgos; nearest installed city field at 20.06px; ultra-far lower-confidence map proxy.
sarkisla,antq_cappadocian,Tonosa,PLE:629099;PLN:629099/tonosa;T2U,tier2,Ultra-far Tier-2 AD 1 Pleiades settlement adapter; period-valid name resource 629099/tonosa; nearest installed city field at 15.14px; ultra-far lower-confidence map proxy.
sason,antq_aramaic,Maipa,PLE:874573;PLN:874573/maipa;T2U,tier2,Ultra-far Tier-2 AD 1 Pleiades settlement adapter; period-valid name resource 874573/maipa; nearest installed city field at 13.42px; ultra-far lower-confidence map proxy.
satgaon,antq_rarh_early_historic,Tamalites,PLE:60079;PLN:60079/tamalites;T2U,tier2,Ultra-far Tier-2 AD 1 Pleiades settlement adapter; period-valid name resource 60079/tamalites; nearest installed city field at 13.17px; ultra-far lower-confidence map proxy.
saveh,antq_median,Saveh,PLE:903111;PLN:903111/saveh;T2U,tier2,Ultra-far Tier-2 AD 1 Pleiades settlement adapter; period-valid name resource 903111/saveh; nearest installed city field at 13.58px; ultra-far lower-confidence map proxy.
sayun,antq_himyarite,Are,PLE:39292;PLN:39292/are;T2U,tier2,Ultra-far Tier-2 AD 1 Pleiades settlement adapter; period-valid name resource 39292/are; nearest installed city field at 16.60px; ultra-far lower-confidence map proxy.
shahjahanpur,antq_panchala_prakrit,Aninacha,PLE:59683;PLN:59683/aninacha;T2U,tier2,Ultra-far Tier-2 AD 1 Pleiades settlement adapter; period-valid name resource 59683/aninacha; nearest installed city field at 15.33px; ultra-far lower-confidence map proxy.
shanjir,antq_sarmatian,Patous,PLE:825237;PLN:825237/patous;T2U,tier2,Ultra-far Tier-2 AD 1 Pleiades settlement adapter; period-valid name resource 825237/patous; nearest installed city field at 15.05px; ultra-far lower-confidence map proxy.
shibam,antq_himyarite,Ioula,PLE:39353;PLN:39353/ioula;T2U,tier2,Ultra-far Tier-2 AD 1 Pleiades settlement adapter; period-valid name resource 39353/ioula; nearest installed city field at 13.31px; ultra-far lower-confidence map proxy.
shorapani,antq_colchian,Ad Fontem Felicem,PLE:863722;PLN:863722/ad-fontem-felicem;T2U,tier2,Ultra-far Tier-2 AD 1 Pleiades settlement adapter; period-valid name resource 863722/ad-fontem-felicem; nearest installed city field at 12.39px; ultra-far lower-confidence map proxy.
singorgarh,antq_narmada_vindhya_megalithic,Siripalla,PLE:60054;PLN:60054/siripalla;T2U,tier2,Ultra-far Tier-2 AD 1 Pleiades settlement adapter; period-valid name resource 60054/siripalla; nearest installed city field at 12.41px; ultra-far lower-confidence map proxy.
sironj,antq_avanti_prakrit,Vidiśā,PLE:60099;PLN:60099/vidisa;T2U,tier2,Ultra-far Tier-2 AD 1 Pleiades settlement adapter; period-valid name resource 60099/vidisa; nearest installed city field at 12.41px; ultra-far lower-confidence map proxy.
sis,antq_aramaic,Caesarea,PLE:658378;PLN:658378/caesarea;T2U,tier2,Ultra-far Tier-2 AD 1 Pleiades settlement adapter; period-valid name resource 658378/caesarea; nearest installed city field at 12.32px; ultra-far lower-confidence map proxy.
sivas,antq_cappadocian,Zoana,PLE:629108;PLN:629108/zoana;T2U,tier2,Ultra-far Tier-2 AD 1 Pleiades settlement adapter; period-valid name resource 629108/zoana; nearest installed city field at 17.17px; ultra-far lower-confidence map proxy.
siwa,antq_egyptian,Ammon,PLE:716520;PLN:716520/ammon;T2U,tier2,Ultra-far Tier-2 AD 1 Pleiades settlement adapter; period-valid name resource 716520/ammon; nearest installed city field at 16.76px; ultra-far lower-confidence map proxy.
sliven,antq_thracian,Beroe,PLE:216731;PLN:216731/beroe;T2U,tier2,Ultra-far Tier-2 AD 1 Pleiades settlement adapter; period-valid name resource 216731/beroe; nearest installed city field at 13.99px; ultra-far lower-confidence map proxy.
sonepur_bihar,antq_kashi_prakrit,Palibothra,PLE:59978;PLN:59978/palibothra;T2U,tier2,Ultra-far Tier-2 AD 1 Pleiades settlement adapter; period-valid name resource 59978/palibothra; nearest installed city field at 13.43px; ultra-far lower-confidence map proxy.
suez,antq_egyptian,Clysma,PLE:727101;PLN:727101/clysma;T2U,tier2,Ultra-far Tier-2 AD 1 Pleiades settlement adapter; period-valid name resource 727101/clysma; nearest installed city field at 13.77px; ultra-far lower-confidence map proxy.
suhar,antq_arab,Sohar,PLE:29766;PLN:29766/sohar;T2U,tier2,Ultra-far Tier-2 AD 1 Pleiades settlement adapter; period-valid name resource 29766/sohar; nearest installed city field at 14.10px; ultra-far lower-confidence map proxy.
surmene,antq_chalybian,Ophis,PLE:857257;PLN:857257/ophis;T2U,tier2,Ultra-far Tier-2 AD 1 Pleiades settlement adapter; period-valid name resource 857257/ophis; nearest installed city field at 18.60px; ultra-far lower-confidence map proxy.
tabqah,antq_parthian,Resapha,PLE:668354;PLN:668354/resapha;T2U,tier2,Ultra-far Tier-2 AD 1 Pleiades settlement adapter; period-valid name resource 668354/resapha; nearest installed city field at 12.27px; ultra-far lower-confidence map proxy.
tamentfoust,antq_berber,Auzia,PLE:295221;PLN:295221/auzia;T2U,tier2,Ultra-far Tier-2 AD 1 Pleiades settlement adapter; period-valid name resource 295221/auzia; nearest installed city field at 15.32px; ultra-far lower-confidence map proxy.
tarifa,antq_turdetanian,Cottae,PLE:275615;PLN:275615/cottae;T2U,tier2,Ultra-far Tier-2 AD 1 Pleiades settlement adapter; period-valid name resource 275615/cottae; nearest installed city field at 14.08px; ultra-far lower-confidence map proxy.
taskopru,antq_paphlagonian,Pompēiópolis,PLE:845041;PLN:845041/pompeiopolis;T2U,tier2,Ultra-far Tier-2 AD 1 Pleiades settlement adapter; period-valid name resource 845041/pompeiopolis; nearest installed city field at 12.02px; ultra-far lower-confidence map proxy.
tavas,antq_carian,Tabai,PLE:639125;PLN:639125/tabai;T2U,tier2,Ultra-far Tier-2 AD 1 Pleiades settlement adapter; period-valid name resource 639125/tabai; nearest installed city field at 14.75px; ultra-far lower-confidence map proxy.
tayma,antq_arab,Thaima,PLE:814739;PLN:814739/thaima;T2U,tier2,Ultra-far Tier-2 AD 1 Pleiades settlement adapter; period-valid name resource 814739/thaima; nearest installed city field at 15.01px; ultra-far lower-confidence map proxy.
tbilisi,antq_kartvelian,Ṭbilisi,PLE:863903;PLN:863903/tbilisi-2;T2U,tier2,Ultra-far Tier-2 AD 1 Pleiades settlement adapter; period-valid name resource 863903/tbilisi-2; nearest installed city field at 12.82px; ultra-far lower-confidence map proxy.
tedelles,antq_phoenician_punic,Tigisi,PLE:295359;PLN:295359/tigisi;T2U,tier2,Ultra-far Tier-2 AD 1 Pleiades settlement adapter; period-valid name resource 295359/tigisi; nearest installed city field at 19.28px; ultra-far lower-confidence map proxy.
teligol,antq_sarmatian,Scopuli,PLE:226755;PLN:226755/scopuli;T2U,tier2,Ultra-far Tier-2 AD 1 Pleiades settlement adapter; period-valid name resource 226755/scopuli; nearest installed city field at 15.78px; ultra-far lower-confidence map proxy.
terme,antq_tibarenian,Themiskyra,PLE:857350;PLN:857350/themiskyra;T2U,tier2,Ultra-far Tier-2 AD 1 Pleiades settlement adapter; period-valid name resource 857350/themiskyra; nearest installed city field at 15.90px; ultra-far lower-confidence map proxy.
thala,antq_phoenician_punic,Vegesela,PLE:324849;PLN:324849/vegesela;T2U,tier2,Ultra-far Tier-2 AD 1 Pleiades settlement adapter; period-valid name resource 324849/vegesela; nearest installed city field at 12.19px; ultra-far lower-confidence map proxy.
thasos,antq_lyncestian,Alyke,PLE:501346;PLN:501346/alyke;T2U,tier2,Ultra-far Tier-2 AD 1 Pleiades settlement adapter; period-valid name resource 501346/alyke; nearest installed city field at 14.99px; ultra-far lower-confidence map proxy.
timergara,antq_gandhari,Hora,PLE:59954;PLN:59954/hora;T2U,tier2,Ultra-far Tier-2 AD 1 Pleiades settlement adapter; period-valid name resource 59954/hora; nearest installed city field at 13.94px; ultra-far lower-confidence map proxy.
tmimi,antq_greek_koine,Paliouros,PLE:373868;PLN:373868/paliouros;T2U,tier2,Ultra-far Tier-2 AD 1 Pleiades settlement adapter; period-valid name resource 373868/paliouros; nearest installed city field at 22.67px; ultra-far lower-confidence map proxy.
tozeur,antq_phoenician_punic,Turris Tamalleni,PLE:344526;PLN:344526/turris-tamalleni;T2U,tier2,Ultra-far Tier-2 AD 1 Pleiades settlement adapter; period-valid name resource 344526/turris-tamalleni; nearest installed city field at 18.71px; ultra-far lower-confidence map proxy.
trapessac,antq_parthian,Trapezon,PLE:658628;PLN:658628/trapezon;T2U,tier2,Ultra-far Tier-2 AD 1 Pleiades settlement adapter; period-valid name resource 658628/trapezon; nearest installed city field at 14.21px; ultra-far lower-confidence map proxy.
tsalenjikha,antq_colchian,Archaiopolis,PLE:857041;PLN:857041/archaiopolis;T2U,tier2,Ultra-far Tier-2 AD 1 Pleiades settlement adapter; period-valid name resource 857041/archaiopolis; nearest installed city field at 13.27px; ultra-far lower-confidence map proxy.
tuapse,antq_sarmatian,Palaia Achaia,PLE:825345;PLN:825345/palaia-achaia;T2U,tier2,Ultra-far Tier-2 AD 1 Pleiades settlement adapter; period-valid name resource 825345/palaia-achaia; nearest installed city field at 12.55px; ultra-far lower-confidence map proxy.
tunanir,antq_aramaic,Oraba,PLE:874688;PLN:874688/oraba;T2U,tier2,Ultra-far Tier-2 AD 1 Pleiades settlement adapter; period-valid name resource 874688/oraba; nearest installed city field at 13.44px; ultra-far lower-confidence map proxy.
udine,antq_venetic,Portus Reatinus,PLE:393478;PLN:393478/portus-reatinus;T2U,tier2,Ultra-far Tier-2 AD 1 Pleiades settlement adapter; period-valid name resource 393478/portus-reatinus; nearest installed city field at 12.24px; ultra-far lower-confidence map proxy.
ukbara,antq_aramaic,Misiche,PLE:894043;PLN:894043/misiche;T2U,tier2,Ultra-far Tier-2 AD 1 Pleiades settlement adapter; period-valid name resource 894043/misiche; nearest installed city field at 17.51px; ultra-far lower-confidence map proxy.
unye,antq_tibarenian,Side,PLE:857285;PLN:857285/side;T2U,tier2,Ultra-far Tier-2 AD 1 Pleiades settlement adapter; period-valid name resource 857285/side; nearest installed city field at 20.07px; ultra-far lower-confidence map proxy.
uskudar,antq_greek_koine,Strobilos,PLE:511423;PLN:511423/strobilos;T2U,tier2,Ultra-far Tier-2 AD 1 Pleiades settlement adapter; period-valid name resource 511423/strobilos; nearest installed city field at 12.32px; ultra-far lower-confidence map proxy.
varazdin,antq_pannonian,Andautonia,PLE:197113;PLN:197113/andautonia;T2U,tier2,Ultra-far Tier-2 AD 1 Pleiades settlement adapter; period-valid name resource 197113/andautonia; nearest installed city field at 14.04px; ultra-far lower-confidence map proxy.
vesoul,antq_sequanian,Segobodium,PLE:177631;PLN:177631/segobodium;T2U,tier2,Ultra-far Tier-2 AD 1 Pleiades settlement adapter; period-valid name resource 177631/segobodium; nearest installed city field at 12.63px; ultra-far lower-confidence map proxy.
villa_di_chiesa,antq_nuragic,Sulcis,PLE:472024;PLN:472024/sulcis;T2U,tier2,Ultra-far Tier-2 AD 1 Pleiades settlement adapter; period-valid name resource 472024/sulcis; nearest installed city field at 12.51px; ultra-far lower-confidence map proxy.
villaviciosa,antq_paesician,Pailontion,PLE:236589;PLN:236589/pailontion;T2U,tier2,Ultra-far Tier-2 AD 1 Pleiades settlement adapter; period-valid name resource 236589/pailontion; nearest installed city field at 17.16px; ultra-far lower-confidence map proxy.
vithold_hammami,antq_sarmatian,Olbia,PLE:226546;PLN:226546/olbia;T2U,tier2,Ultra-far Tier-2 AD 1 Pleiades settlement adapter; period-valid name resource 226546/olbia; nearest installed city field at 17.56px; ultra-far lower-confidence map proxy.
wasit,antq_aramaic,Apamea,PLE:912806;PLN:912806/apamea;T2U,tier2,Ultra-far Tier-2 AD 1 Pleiades settlement adapter; period-valid name resource 912806/apamea; nearest installed city field at 12.71px; ultra-far lower-confidence map proxy.
yarkand,antq_yarkand_oasis,Soita,PLE:60060;PLN:60060/soita;T2U,tier2,Ultra-far Tier-2 AD 1 Pleiades settlement adapter; period-valid name resource 60060/soita; nearest installed city field at 16.49px; ultra-far lower-confidence map proxy.
zabid,antq_himyarite,Adedou Kome,PLE:39270;PLN:39270/adedou-kome;T2U,tier2,Ultra-far Tier-2 AD 1 Pleiades settlement adapter; period-valid name resource 39270/adedou-kome; nearest installed city field at 16.80px; ultra-far lower-confidence map proxy.
zabol,antq_saka,Zarang,PLE:29755;PLN:29755/zarang;T2U,tier2,Ultra-far Tier-2 AD 1 Pleiades settlement adapter; period-valid name resource 29755/zarang; nearest installed city field at 12.58px; ultra-far lower-confidence map proxy.
zadian,antq_bactrian,Tarmita,PLE:971886;PLN:971886/tarmita;T2U,tier2,Ultra-far Tier-2 AD 1 Pleiades settlement adapter; period-valid name resource 971886/tarmita; nearest installed city field at 13.21px; ultra-far lower-confidence map proxy.
zagreb,antq_pannonian,Ad Fines,PLE:197060;PLN:197060/ad-fines;T2U,tier2,Ultra-far Tier-2 AD 1 Pleiades settlement adapter; period-valid name resource 197060/ad-fines; nearest installed city field at 16.54px; ultra-far lower-confidence map proxy.
zardana,antq_parthian,Mogiza,PLE:658537;PLN:658537/mogiza;T2U,tier2,Ultra-far Tier-2 AD 1 Pleiades settlement adapter; period-valid name resource 658537/mogiza; nearest installed city field at 13.15px; ultra-far lower-confidence map proxy.
zula,antq_geez,Adouli,PLE:39271;PLN:39271/adouli;T2U,tier2,Ultra-far Tier-2 AD 1 Pleiades settlement adapter; period-valid name resource 39271/adouli; nearest installed city field at 16.29px; ultra-far lower-confidence map proxy.
